SKU,LEAD_TIMES,MANUFACTURING_COSTS,CUSTOMER_NAME,CUSTOMER_CITY,CUSTOMER_COUNTRY,TRANSP_MODE,SOLD_QTY,PRICE,REVENUE,FREIGHT,STOCK_QTY,REPOSITION,MONTH,YEAR,SKU_LABEL,CUSTOMER_NAME_LABEL,CUSTOMER_CITY_LABEL,CUSTOMER_COUNTRY_LABEL,TRANSP_MODE_LABEL
19910.703183275666,15,6.56,20080.45821837003,20080.45821837003,23150.913151364763,23280.574879227053,4810.0,8.2,19721.0,394.42,1200.0,0,1,2020,SKU28,CUSTOMER_06,Santana de Parnaíba,Brasil,Rodoviário
20184.544997860427,5,3.84,20184.544997860427,8464.781715291463,23150.913151364763,23280.574879227053,914.0,4.8,2193.6,109.68,2000.0,0,1,2020,SKU29,CUSTOMER_07,Barueri,Brasil,Rodoviário
6296.075786750511,11,1045.66,9452.02038958798,9452.02038958798,23150.913151364763,23280.574879227053,648.0,1307.08,282327.36,5646.55,1035.0,60,1,2020,SKU16,CUSTOMER_02,Sorocaba,Brasil,Rodoviário
23906.899857283322,22,1144.04,9452.02038958798,9452.02038958798,23150.913151364763,23280.574879227053,400.0,1430.05,114404.0,2288.08,8380.0,60,1,2020,SKU15,CUSTOMER_02,Sorocaba,Brasil,Rodoviário
7625.196762063673,27,214.82,9452.02038958798,9452.02038958798,23150.913151364763,23280.574879227053,200.0,268.52,53704.0,1074.08,12.0,60,2,2020,SKU14,CUSTOMER_02,Sorocaba,Brasil,Rodoviário
6296.075786750511,16,2776.41,9452.02038958798,9452.02038958798,23150.913151364763,23280.574879227053,1944.0,3470.51,843335.76,16866.72,2760.0,60,2,2020,SKU16,CUSTOMER_02,Sorocaba,Brasil,Rodoviário
19058.336999871895,10,4.3,9452.02038958798,9452.02038958798,23150.913151364763,23280.574879227053,66960.0,5.38,359967.2,44275.97,13.0,45,2,2020,SKU22,CUSTOMER_02,Sorocaba,Brasil,Rodoviário
23906.899857283322,25,69.69,9452.02038958798,9452.02038958798,23150.913151364763,23280.574879227053,8400.0,87.11,731764.0,90006.97,25140.0,60,2,2020,SKU15,CUSTOMER_02,Sorocaba,Brasil,Rodoviário
19058.336999871895,27,9.35,9452.02038958798,9452.02038958798,23150.913151364763,23280.574879227053,63648.0,11.69,743969.84,91508.29,16.0,45,3,2020,SKU22,CUSTOMER_02,Sorocaba,Brasil,Rodoviário
13162.844727314232,18,16.98,9452.02038958798,9452.02038958798,23150.913151364763,23280.574879227053,41760.0,21.23,886394.72,109026.55,15680.0,60,3,2020,SKU17,CUSTOMER_02,Sorocaba,Brasil,Rodoviário
19910.703183275666,9,8.96,20236.588387605625,20236.588387605625,23150.913151364763,23280.574879227053,24850.0,11.2,69580.0,2087.4,2400.0,0,3,2020,SKU28,CUSTOMER_05,Hortolândia,Brasil,Rodoviário
7625.196762063673,24,960.01,9452.02038958798,9452.02038958798,23150.913151364763,23280.574879227053,1280.0,1200.01,382709.6,7654.19,48.0,60,3,2020,SKU14,CUSTOMER_02,Sorocaba,Brasil,Rodoviário
6296.075786750511,9,1956.46,9452.02038958798,9452.02038958798,23150.913151364763,23280.574879227053,1843.0,2445.58,948402.34,18968.05,1725.0,60,3,2020,SKU16,CUSTOMER_02,Sorocaba,Brasil,Rodoviário
23906.899857283322,17,1.8,9452.02038958798,9452.02038958798,23150.913151364763,23280.574879227053,20280.0,2.25,45719.6,5623.51,25140.0,60,3,2020,SKU15,CUSTOMER_02,Sorocaba,Brasil,Rodoviário
7625.196762063673,17,526.43,9452.02038958798,9452.02038958798,23150.913151364763,23280.574879227053,480.0,658.04,156579.2,3131.58,24.0,60,4,2020,SKU14,CUSTOMER_02,Sorocaba,Brasil,Rodoviário
19058.336999871895,13,41.08,9452.02038958798,9452.02038958798,23150.913151364763,23280.574879227053,12024.0,51.35,617414.96,75942.04,5.0,45,4,2020,SKU22,CUSTOMER_02,Sorocaba,Brasil,Rodoviário
23906.899857283322,26,109.28,9452.02038958798,9452.02038958798,23150.913151364763,23280.574879227053,6400.0,136.6,874256.0,107533.49,25140.0,60,4,2020,SKU15,CUSTOMER_02,Sorocaba,Brasil,Rodoviário
13162.844727314232,5,92.4,9452.02038958798,9452.02038958798,23150.913151364763,23280.574879227053,6672.0,115.5,770631.2,94787.64,9800.0,60,4,2020,SKU17,CUSTOMER_02,Sorocaba,Brasil,Rodoviário
6296.075786750511,15,945.87,9452.02038958798,9452.02038958798,23150.913151364763,23280.574879227053,360.0,1182.34,211999.68,4239.99,690.0,60,5,2020,SKU16,CUSTOMER_02,Sorocaba,Brasil,Rodoviário
7625.196762063673,9,545.47,9452.02038958798,9452.02038958798,23150.913151364763,23280.574879227053,640.0,681.84,220646.4,4412.93,24.0,60,5,2020,SKU14,CUSTOMER_02,Sorocaba,Brasil,Rodoviário
17606.6362525724,1,554.81,9452.02038958798,9452.02038958798,23150.913151364763,23280.574879227053,160.0,693.51,110961.6,2219.23,14.0,60,5,2020,SKU18,CUSTOMER_02,Sorocaba,Brasil,Rodoviário
19058.336999871895,23,211.79,9452.02038958798,9452.02038958798,23150.913151364763,23280.574879227053,290.0,264.74,76774.6,1535.49,1.0,45,5,2020,SKU22,CUSTOMER_02,Sorocaba,Brasil,Rodoviário
13162.844727314232,16,1940.0,9452.02038958798,9452.02038958798,23150.913151364763,23280.574879227053,192.0,2425.0,116400.0,2328.0,1960.0,60,6,2020,SKU17,CUSTOMER_02,Sorocaba,Brasil,Rodoviário
31188.121689386255,18,245.41,15840.516002071054,8464.781715291463,23150.913151364763,23280.574879227053,2400.0,306.76,736232.0,90556.54,17860.0,60,6,2020,SKU21,CUSTOMER_01,Barueri,Brasil,Rodoviário
6480.820131586234,27,1327.99,15840.516002071054,22188.80474917698,23150.913151364763,23280.574879227053,128.0,1659.99,104435.8,3133.07,4880.0,60,6,2020,SKU20,CUSTOMER_01,Serra,Brasil,Rodoviário
7625.196762063673,8,261.35,9452.02038958798,9452.02038958798,23150.913151364763,23280.574879227053,80.0,326.69,26135.2,522.7,12.0,60,6,2020,SKU14,CUSTOMER_02,Sorocaba,Brasil,Rodoviário
23906.899857283322,14,1446.32,9452.02038958798,9452.02038958798,23150.913151364763,23280.574879227053,1600.0,1807.9,578528.0,11570.56,8380.0,60,6,2020,SKU15,CUSTOMER_02,Sorocaba,Brasil,Rodoviário
23906.899857283322,2,35.44,9452.02038958798,9452.02038958798,23150.913151364763,23280.574879227053,21200.0,44.29,939044.0,115502.41,25140.0,60,7,2020,SKU15,CUSTOMER_02,Sorocaba,Brasil,Rodoviário
7625.196762063673,1,281.21,9452.02038958798,9452.02038958798,23150.913151364763,23280.574879227053,1600.0,351.51,562416.0,11248.32,12.0,60,7,2020,SKU14,CUSTOMER_02,Sorocaba,Brasil,Rodoviário
31188.121689386255,23,21.6,15840.516002071054,22188.80474917698,23150.913151364763,23280.574879227053,16740.0,27.0,452049.0,55602.03,53580.0,60,7,2020,SKU21,CUSTOMER_01,Serra,Brasil,Rodoviário
13162.844727314232,27,13.04,9452.02038958798,9452.02038958798,23150.913151364763,23280.574879227053,82656.0,16.3,1347185.12,165703.77,13720.0,60,7,2020,SKU17,CUSTOMER_02,Sorocaba,Brasil,Rodoviário
31188.121689386255,1,25.18,15840.516002071054,8464.781715291463,23150.913151364763,23280.574879227053,7335.0,31.48,230913.9,28402.41,44650.0,60,7,2020,SKU21,CUSTOMER_01,Barueri,Brasil,Rodoviário
6296.075786750511,5,161.29,9452.02038958798,9452.02038958798,23150.913151364763,23280.574879227053,4512.0,201.62,909703.68,111893.55,1380.0,60,7,2020,SKU16,CUSTOMER_02,Sorocaba,Brasil,Rodoviário
6480.820131586234,15,691.96,15840.516002071054,22188.80474917698,23150.913151364763,23280.574879227053,360.0,864.95,311382.0,9341.46,2440.0,60,7,2020,SKU20,CUSTOMER_01,Serra,Brasil,Rodoviário
6480.820131586234,17,709.41,15840.516002071054,8464.781715291463,23150.913151364763,23280.574879227053,380.0,886.76,336968.8,16848.44,2440.0,60,7,2020,SKU20,CUSTOMER_01,Barueri,Brasil,Rodoviário
6480.820131586234,13,706.13,15840.516002071054,8464.781715291463,23150.913151364763,23280.574879227053,500.0,882.66,441330.0,22066.5,2440.0,60,8,2020,SKU20,CUSTOMER_01,Barueri,Brasil,Rodoviário
6480.820131586234,17,525.14,15840.516002071054,22188.80474917698,23150.913151364763,23280.574879227053,1320.0,656.42,866480.4,106577.09,4880.0,60,8,2020,SKU20,CUSTOMER_01,Serra,Brasil,Rodoviário
17606.6362525724,18,552.7,9452.02038958798,9452.02038958798,23150.913151364763,23280.574879227053,40.0,690.88,27635.2,552.7,14.0,60,8,2020,SKU18,CUSTOMER_02,Sorocaba,Brasil,Rodoviário
6296.075786750511,26,1239.13,9452.02038958798,9452.02038958798,23150.913151364763,23280.574879227053,792.0,1548.91,411539.28,8230.79,1035.0,60,8,2020,SKU16,CUSTOMER_02,Sorocaba,Brasil,Rodoviário
23906.899857283322,19,54.03,9452.02038958798,9452.02038958798,23150.913151364763,23280.574879227053,11200.0,67.54,756428.0,93040.64,25140.0,60,8,2020,SKU15,CUSTOMER_02,Sorocaba,Brasil,Rodoviário
31188.121689386255,18,63.48,15840.516002071054,22188.80474917698,23150.913151364763,23280.574879227053,23580.0,79.35,1871022.4,230135.76,44650.0,60,8,2020,SKU21,CUSTOMER_01,Serra,Brasil,Rodoviário
13162.844727314232,23,11.36,9452.02038958798,9452.02038958798,23150.913151364763,23280.574879227053,14016.0,14.2,198996.64,24476.59,11760.0,60,8,2020,SKU17,CUSTOMER_02,Sorocaba,Brasil,Rodoviário
6296.075786750511,17,422.22,9452.02038958798,9452.02038958798,23150.913151364763,23280.574879227053,192.0,527.78,101333.76,2026.68,345.0,60,9,2020,SKU16,CUSTOMER_02,Sorocaba,Brasil,Rodoviário
31188.121689386255,18,356.72,15840.516002071054,8464.781715291463,23150.913151364763,23280.574879227053,1560.0,445.9,695602.8,85559.14,17860.0,60,9,2020,SKU21,CUSTOMER_01,Barueri,Brasil,Rodoviário
31188.121689386255,5,28.72,15840.516002071054,22188.80474917698,23150.913151364763,23280.574879227053,23280.0,35.9,835708.0,102792.08,53580.0,60,9,2020,SKU21,CUSTOMER_01,Serra,Brasil,Rodoviário
6480.820131586234,10,217.06,15840.516002071054,22188.80474917698,23150.913151364763,23280.574879227053,2900.0,271.33,786844.0,96781.81,14640.0,60,9,2020,SKU20,CUSTOMER_01,Serra,Brasil,Rodoviário
23906.899857283322,1,131.17,9452.02038958798,9452.02038958798,23150.913151364763,23280.574879227053,5200.0,163.96,852596.0,104869.31,16760.0,60,9,2020,SKU15,CUSTOMER_02,Sorocaba,Brasil,Rodoviário
17606.6362525724,22,1653.62,9452.02038958798,9452.02038958798,23150.913151364763,23280.574879227053,200.0,2067.02,138040.0,2760.8,42.0,60,9,2020,SKU18,CUSTOMER_02,Sorocaba,Brasil,Rodoviário
13162.844727314232,2,16.73,9452.02038958798,9452.02038958798,23150.913151364763,23280.574879227053,31904.0,20.92,667307.04,82078.77,11760.0,60,9,2020,SKU17,CUSTOMER_02,Sorocaba,Brasil,Rodoviário
6480.820131586234,17,2023.68,15840.516002071054,8464.781715291463,23150.913151364763,23280.574879227053,800.0,2529.6,674560.0,33728.0,7320.0,60,9,2020,SKU20,CUSTOMER_01,Barueri,Brasil,Rodoviário
13162.844727314232,19,2.83,9452.02038958798,9452.02038958798,23150.913151364763,23280.574879227053,23232.0,3.54,82219.04,10112.94,17640.0,60,10,2020,SKU17,CUSTOMER_02,Sorocaba,Brasil,Rodoviário
31188.121689386255,22,84.94,15840.516002071054,8464.781715291463,23150.913151364763,23280.574879227053,6180.0,106.18,656199.4,80712.53,26790.0,60,10,2020,SKU21,CUSTOMER_01,Barueri,Brasil,Rodoviário
7625.196762063673,12,259.52,9452.02038958798,9452.02038958798,23150.913151364763,23280.574879227053,2880.0,324.4,934285.6,114917.13,48.0,60,10,2020,SKU14,CUSTOMER_02,Sorocaba,Brasil,Rodoviário
19995.81382221596,12,0.62,22679.14003180492,22679.14003180492,22679.14003180492,18984.409377995224,4800.0,0.78,3744.0,673.92,2400.0,30,10,2020,SKU25,CUSTOMER_04,Genebra,Suíça,Aéreo
31188.121689386255,16,25.8,15840.516002071054,22188.80474917698,23150.913151364763,23280.574879227053,6500.0,32.24,209590.0,25779.57,26790.0,60,10,2020,SKU21,CUSTOMER_01,Serra,Brasil,Rodoviário
6480.820131586234,27,1419.5,15840.516002071054,22188.80474917698,23150.913151364763,23280.574879227053,800.0,1774.37,708487.0,21254.61,4880.0,60,10,2020,SKU20,CUSTOMER_01,Serra,Brasil,Rodoviário
23906.899857283322,8,147.36,9452.02038958798,9452.02038958798,23150.913151364763,23280.574879227053,4400.0,184.2,810496.0,99691.01,16760.0,60,10,2020,SKU15,CUSTOMER_02,Sorocaba,Brasil,Rodoviário
17606.6362525724,25,573.02,9452.02038958798,9452.02038958798,23150.913151364763,23280.574879227053,40.0,716.28,28651.2,573.02,14.0,60,10,2020,SKU18,CUSTOMER_02,Sorocaba,Brasil,Rodoviário
30862.443596482095,10,1.25,22679.14003180492,22679.14003180492,22679.14003180492,18984.409377995224,11760.0,1.56,9172.8,1651.1,60480.0,30,10,2020,SKU24,CUSTOMER_04,Genebra,Suíça,Aéreo
6296.075786750511,13,205.89,9452.02038958798,9452.02038958798,23150.913151364763,23280.574879227053,3648.0,257.37,938880.48,115482.3,1725.0,60,10,2020,SKU16,CUSTOMER_02,Sorocaba,Brasil,Rodoviário
20628.174576874564,30,1.25,22679.14003180492,22679.14003180492,22679.14003180492,18984.409377995224,8700.0,1.56,6786.0,1221.48,3770.0,30,10,2020,SKU23,CUSTOMER_04,Genebra,Suíça,Aéreo
31188.121689386255,27,0.8,15840.516002071054,22188.80474917698,23150.913151364763,23280.574879227053,10680.0,1.0,10631.6,1307.69,35720.0,60,11,2020,SKU21,CUSTOMER_01,Serra,Brasil,Rodoviário
7625.196762063673,2,858.89,9452.02038958798,9452.02038958798,23150.913151364763,23280.574879227053,560.0,1073.61,202553.6,4051.07,36.0,60,11,2020,SKU14,CUSTOMER_02,Sorocaba,Brasil,Rodoviário
6480.820131586234,26,1381.25,15840.516002071054,8464.781715291463,23150.913151364763,23280.574879227053,700.0,1726.56,601230.0,30061.5,4880.0,60,11,2020,SKU20,CUSTOMER_01,Barueri,Brasil,Rodoviário
17606.6362525724,17,545.63,9452.02038958798,9452.02038958798,23150.913151364763,23280.574879227053,40.0,682.04,27281.6,545.63,14.0,60,11,2020,SKU18,CUSTOMER_02,Sorocaba,Brasil,Rodoviário
23906.899857283322,7,117.98,9452.02038958798,9452.02038958798,23150.913151364763,23280.574879227053,6000.0,147.47,884832.0,108834.34,33520.0,60,11,2020,SKU15,CUSTOMER_02,Sorocaba,Brasil,Rodoviário
6296.075786750511,17,2164.41,9452.02038958798,9452.02038958798,23150.913151364763,23280.574879227053,1032.0,2705.51,555722.88,11114.46,1725.0,60,11,2020,SKU16,CUSTOMER_02,Sorocaba,Brasil,Rodoviário
13162.844727314232,27,51.98,9452.02038958798,9452.02038958798,23150.913151364763,23280.574879227053,7680.0,64.97,498982.56,61374.85,11760.0,60,11,2020,SKU17,CUSTOMER_02,Sorocaba,Brasil,Rodoviário
6480.820131586234,13,1396.63,15840.516002071054,22188.80474917698,23150.913151364763,23280.574879227053,1000.0,1745.79,872895.0,26186.85,4880.0,60,11,2020,SKU20,CUSTOMER_01,Serra,Brasil,Rodoviário
23906.899857283322,30,138.76,9452.02038958798,9452.02038958798,23150.913151364763,23280.574879227053,4800.0,173.44,832532.0,102401.44,25140.0,60,12,2020,SKU15,CUSTOMER_02,Sorocaba,Brasil,Rodoviário
6480.820131586234,27,622.37,15840.516002071054,8464.781715291463,23150.913151364763,23280.574879227053,400.0,777.96,311184.0,15559.2,2440.0,60,12,2020,SKU20,CUSTOMER_01,Barueri,Brasil,Rodoviário
6480.820131586234,13,537.78,9452.02038958798,9452.02038958798,23150.913151364763,23280.574879227053,2.0,672.23,1344.46,26.89,2440.0,60,12,2020,SKU20,CUSTOMER_02,Sorocaba,Brasil,Rodoviário
13162.844727314232,24,319.09,9452.02038958798,9452.02038958798,23150.913151364763,23280.574879227053,2336.0,398.86,931745.92,114604.75,7840.0,60,12,2020,SKU17,CUSTOMER_02,Sorocaba,Brasil,Rodoviário
31188.121689386255,11,4196.16,9452.02038958798,9452.02038958798,23150.913151364763,23280.574879227053,10.0,5245.2,10490.4,209.81,8930.0,60,12,2020,SKU21,CUSTOMER_02,Sorocaba,Brasil,Rodoviário
7625.196762063673,29,803.42,9452.02038958798,9452.02038958798,23150.913151364763,23280.574879227053,1120.0,1004.27,374980.8,7499.62,36.0,60,12,2020,SKU14,CUSTOMER_02,Sorocaba,Brasil,Rodoviário
17606.6362525724,26,519.54,9452.02038958798,9452.02038958798,23150.913151364763,23280.574879227053,40.0,649.43,25977.2,519.54,14.0,60,12,2020,SKU18,CUSTOMER_02,Sorocaba,Brasil,Rodoviário
31188.121689386255,23,84.48,15840.516002071054,22188.80474917698,23150.913151364763,23280.574879227053,12300.0,105.6,1298837.0,159756.95,53580.0,60,12,2020,SKU21,CUSTOMER_01,Serra,Brasil,Rodoviário
6296.075786750511,26,1710.05,9452.02038958798,9452.02038958798,23150.913151364763,23280.574879227053,744.0,2137.56,397586.16,7951.72,1380.0,60,1,2021,SKU16,CUSTOMER_02,Sorocaba,Brasil,Rodoviário
13162.844727314232,17,18.9,9452.02038958798,9452.02038958798,23150.913151364763,23280.574879227053,22848.0,23.62,539757.6,66390.18,15680.0,60,1,2021,SKU17,CUSTOMER_02,Sorocaba,Brasil,Rodoviário
31188.121689386255,2,108.03,15840.516002071054,22188.80474917698,23150.913151364763,23280.574879227053,12000.0,135.04,1620500.0,199321.5,35720.0,60,1,2021,SKU21,CUSTOMER_01,Serra,Brasil,Rodoviário
6480.820131586234,23,622.37,15840.516002071054,8464.781715291463,23150.913151364763,23280.574879227053,200.0,777.96,155592.0,7779.6,2440.0,60,1,2021,SKU20,CUSTOMER_01,Barueri,Brasil,Rodoviário
6480.820131586234,23,287.57,15840.516002071054,22188.80474917698,23150.913151364763,23280.574879227053,2360.0,359.46,848336.0,104345.33,9760.0,60,1,2021,SKU20,CUSTOMER_01,Serra,Brasil,Rodoviário
7625.196762063673,25,2478.46,9452.02038958798,9452.02038958798,23150.913151364763,23280.574879227053,2800.0,3098.08,954762.4,19095.25,108.0,60,1,2021,SKU14,CUSTOMER_02,Sorocaba,Brasil,Rodoviário
23906.899857283322,10,22.09,9452.02038958798,9452.02038958798,23150.913151364763,23280.574879227053,26000.0,27.61,717880.0,88299.24,58660.0,60,1,2021,SKU15,CUSTOMER_02,Sorocaba,Brasil,Rodoviário
13162.844727314232,9,177.56,9452.02038958798,9452.02038958798,23150.913151364763,23280.574879227053,3744.0,221.95,830982.72,102210.87,5880.0,60,2,2021,SKU17,CUSTOMER_02,Sorocaba,Brasil,Rodoviário
6296.075786750511,27,424.23,9452.02038958798,9452.02038958798,23150.913151364763,23280.574879227053,72.0,530.29,38180.88,763.62,345.0,60,2,2021,SKU16,CUSTOMER_02,Sorocaba,Brasil,Rodoviário
31188.121689386255,19,9.72,15840.516002071054,22188.80474917698,23150.913151364763,23280.574879227053,41220.0,12.14,500595.8,61573.28,89300.0,60,2,2021,SKU21,CUSTOMER_01,Serra,Brasil,Rodoviário
23906.899857283322,13,10.99,9452.02038958798,9452.02038958798,23150.913151364763,23280.574879227053,14400.0,13.74,197796.0,24328.91,33520.0,60,2,2021,SKU15,CUSTOMER_02,Sorocaba,Brasil,Rodoviário
6480.820131586234,30,1311.42,15840.516002071054,22188.80474917698,23150.913151364763,23280.574879227053,1000.0,1639.28,819640.0,24589.2,4880.0,60,2,2021,SKU20,CUSTOMER_01,Serra,Brasil,Rodoviário
6480.820131586234,8,326.82,15840.516002071054,8464.781715291463,23150.913151364763,23280.574879227053,2000.0,408.53,817060.0,100498.38,4880.0,60,2,2021,SKU20,CUSTOMER_01,Barueri,Brasil,Rodoviário
7625.196762063673,6,556.96,9452.02038958798,9452.02038958798,23150.913151364763,23280.574879227053,1760.0,696.2,612387.2,12247.74,24.0,60,2,2021,SKU14,CUSTOMER_02,Sorocaba,Brasil,Rodoviário
23906.899857283322,3,135.86,9452.02038958798,9452.02038958798,23150.913151364763,23280.574879227053,5200.0,169.82,883080.0,108618.84,25140.0,60,3,2021,SKU15,CUSTOMER_02,Sorocaba,Brasil,Rodoviário
6480.820131586234,1,485.07,15840.516002071054,8464.781715291463,23150.913151364763,23280.574879227053,1512.0,606.34,916787.6,112764.87,4880.0,60,3,2021,SKU20,CUSTOMER_01,Barueri,Brasil,Rodoviário
13162.844727314232,8,364.88,9452.02038958798,9452.02038958798,23150.913151364763,23280.574879227053,1920.0,456.1,875702.4,107711.4,1960.0,60,3,2021,SKU17,CUSTOMER_02,Sorocaba,Brasil,Rodoviário
6296.075786750511,23,436.61,9452.02038958798,9452.02038958798,23150.913151364763,23280.574879227053,480.0,545.76,261964.8,5239.3,345.0,60,3,2021,SKU16,CUSTOMER_02,Sorocaba,Brasil,Rodoviário
23906.899857283322,27,117.44,9452.02038958798,9452.02038958798,23150.913151364763,23280.574879227053,6000.0,146.8,880824.0,108341.35,16760.0,60,4,2021,SKU15,CUSTOMER_02,Sorocaba,Brasil,Rodoviário
13162.844727314232,1,11.1,9452.02038958798,9452.02038958798,23150.913151364763,23280.574879227053,40604.0,13.87,563145.8,69266.93,17640.0,60,4,2021,SKU17,CUSTOMER_02,Sorocaba,Brasil,Rodoviário
17606.6362525724,14,572.7,9452.02038958798,9452.02038958798,23150.913151364763,23280.574879227053,40.0,715.88,28635.2,572.7,14.0,60,4,2021,SKU18,CUSTOMER_02,Sorocaba,Brasil,Rodoviário
6296.075786750511,8,235.08,9452.02038958798,9452.02038958798,23150.913151364763,23280.574879227053,3240.0,293.85,952088.0,117106.82,1035.0,60,4,2021,SKU16,CUSTOMER_02,Sorocaba,Brasil,Rodoviário
7625.196762063673,20,579.58,9452.02038958798,9452.02038958798,23150.913151364763,23280.574879227053,880.0,724.48,319415.2,6388.3,24.0,60,4,2021,SKU14,CUSTOMER_02,Sorocaba,Brasil,Rodoviário
31188.121689386255,27,70.47,15840.516002071054,22188.80474917698,23150.913151364763,23280.574879227053,11340.0,88.08,998880.0,122862.24,26790.0,60,4,2021,SKU21,CUSTOMER_01,Serra,Brasil,Rodoviário
23906.899857283322,15,1427.88,9452.02038958798,9452.02038958798,23150.913151364763,23280.574879227053,305.0,1784.85,108875.85,2177.52,8380.0,60,5,2021,SKU15,CUSTOMER_02,Sorocaba,Brasil,Rodoviário
6480.820131586234,8,635.98,15840.516002071054,22188.80474917698,23150.913151364763,23280.574879227053,420.0,794.98,333891.6,10016.75,2440.0,60,5,2021,SKU20,CUSTOMER_01,Serra,Brasil,Rodoviário
31188.121689386255,25,180.16,15840.516002071054,8464.781715291463,23150.913151364763,23280.574879227053,4020.0,225.2,905298.0,111351.65,26790.0,60,5,2021,SKU21,CUSTOMER_01,Barueri,Brasil,Rodoviário
31188.121689386255,24,50.09,15840.516002071054,22188.80474917698,23150.913151364763,23280.574879227053,16370.0,62.61,1024906.6,126063.51,71440.0,60,5,2021,SKU21,CUSTOMER_01,Serra,Brasil,Rodoviário
6296.075786750511,1,35.23,9452.02038958798,9452.02038958798,23150.913151364763,23280.574879227053,14015.0,44.04,617168.86,75911.77,3795.0,60,5,2021,SKU16,CUSTOMER_02,Sorocaba,Brasil,Rodoviário
13162.844727314232,12,1.52,9452.02038958798,9452.02038958798,23150.913151364763,23280.574879227053,208704.0,1.89,395344.16,48627.33,25480.0,60,5,2021,SKU17,CUSTOMER_02,Sorocaba,Brasil,Rodoviário
20404.344889129366,26,0.78,22679.14003180492,22679.14003180492,22679.14003180492,23280.574879227053,2728.0,0.98,2673.44,80.2,5280.0,0,5,2021,SKU30,CUSTOMER_04,Genebra,Suíça,Rodoviário
30862.443596482095,8,1.54,22679.14003180492,22679.14003180492,22679.14003180492,23280.574879227053,15960.0,1.93,15388.8,461.66,60480.0,30,5,2021,SKU24,CUSTOMER_04,Genebra,Suíça,Rodoviário
31188.121689386255,17,113.34,15840.516002071054,22188.80474917698,23150.913151364763,23280.574879227053,10440.0,141.67,1479035.6,181921.38,17860.0,60,6,2021,SKU21,CUSTOMER_01,Serra,Brasil,Rodoviário
6480.820131586234,29,308.78,15840.516002071054,22188.80474917698,23150.913151364763,23280.574879227053,2300.0,385.97,887740.0,109192.02,7320.0,60,6,2021,SKU20,CUSTOMER_01,Serra,Brasil,Rodoviário
31188.121689386255,14,113.34,15840.516002071054,22188.80474917698,23150.913151364763,23280.574879227053,10440.0,141.67,1479035.6,181921.38,17860.0,60,6,2021,SKU21,CUSTOMER_01,Serra,Brasil,Rodoviário
13162.844727314232,2,141.33,9452.02038958798,9452.02038958798,23150.913151364763,23280.574879227053,4960.0,176.67,876259.2,107779.88,3920.0,60,6,2021,SKU17,CUSTOMER_02,Sorocaba,Brasil,Rodoviário
23906.899857283322,17,8.55,9452.02038958798,9452.02038958798,23150.913151364763,23280.574879227053,38400.0,10.69,410628.0,50507.24,33520.0,60,6,2021,SKU15,CUSTOMER_02,Sorocaba,Brasil,Rodoviário
6296.075786750511,29,807.62,9452.02038958798,9452.02038958798,23150.913151364763,23280.574879227053,1584.0,1009.52,799539.84,15990.8,690.0,60,7,2021,SKU16,CUSTOMER_02,Sorocaba,Brasil,Rodoviário
31188.121689386255,9,116.06,15840.516002071054,22188.80474917698,23150.913151364763,23280.574879227053,10710.0,145.07,1553748.2,191111.03,35720.0,60,7,2021,SKU21,CUSTOMER_01,Serra,Brasil,Rodoviário
31188.121689386255,7,17.66,15840.516002071054,22188.80474917698,23150.913151364763,23280.574879227053,22785.0,22.07,502905.2,61857.34,53580.0,60,7,2021,SKU21,CUSTOMER_01,Serra,Brasil,Rodoviário
31188.121689386255,15,4674.4,15840.516002071054,8464.781715291463,23150.913151364763,23280.574879227053,180.0,5843.0,210348.0,2103.48,8930.0,60,7,2021,SKU21,CUSTOMER_01,Barueri,Brasil,Rodoviário
13162.844727314232,29,35.91,9452.02038958798,9452.02038958798,23150.913151364763,23280.574879227053,15552.0,44.89,698148.64,85872.28,5880.0,60,7,2021,SKU17,CUSTOMER_02,Sorocaba,Brasil,Rodoviário
6480.820131586234,5,611.54,15840.516002071054,22188.80474917698,23150.913151364763,23280.574879227053,500.0,764.43,382215.0,7644.3,2440.0,60,7,2021,SKU20,CUSTOMER_01,Serra,Brasil,Rodoviário
31188.121689386255,17,4792.64,15840.516002071054,8464.781715291463,23150.913151364763,23280.574879227053,420.0,5990.8,503227.2,25161.36,8930.0,60,8,2021,SKU21,CUSTOMER_01,Barueri,Brasil,Rodoviário
6480.820131586234,29,637.39,15840.516002071054,8464.781715291463,23150.913151364763,23280.574879227053,200.0,796.74,159348.0,7967.4,2440.0,60,8,2021,SKU20,CUSTOMER_01,Barueri,Brasil,Rodoviário
7625.196762063673,1,1320.4,9452.02038958798,9452.02038958798,23150.913151364763,23280.574879227053,2480.0,1650.5,818648.0,16372.96,60.0,60,8,2021,SKU14,CUSTOMER_02,Sorocaba,Brasil,Rodoviário
31188.121689386255,17,4674.4,15840.516002071054,8464.781715291463,23150.913151364763,23280.574879227053,120.0,5843.0,140232.0,1402.32,8930.0,60,8,2021,SKU21,CUSTOMER_01,Barueri,Brasil,Rodoviário
31188.121689386255,8,70.43,15840.516002071054,22188.80474917698,23150.913151364763,23280.574879227053,3720.0,88.03,327480.0,40280.04,17860.0,60,8,2021,SKU21,CUSTOMER_01,Serra,Brasil,Rodoviário
6480.820131586234,26,611.54,15840.516002071054,22188.80474917698,23150.913151364763,23280.574879227053,160.0,764.43,122308.8,2446.18,2440.0,60,8,2021,SKU20,CUSTOMER_01,Serra,Brasil,Rodoviário
23906.899857283322,10,138.95,9452.02038958798,9452.02038958798,23150.913151364763,23280.574879227053,4800.0,173.69,833696.0,102544.61,8380.0,60,8,2021,SKU15,CUSTOMER_02,Sorocaba,Brasil,Rodoviário
13162.844727314232,25,7.21,9452.02038958798,9452.02038958798,23150.913151364763,23280.574879227053,11232.0,9.02,101294.56,12459.23,7840.0,60,8,2021,SKU17,CUSTOMER_02,Sorocaba,Brasil,Rodoviário
17606.6362525724,2,526.79,9452.02038958798,9452.02038958798,23150.913151364763,23280.574879227053,3.0,658.49,1975.47,39.51,14.0,60,8,2021,SKU18,CUSTOMER_02,Sorocaba,Brasil,Rodoviário
6296.075786750511,20,1609.34,9452.02038958798,9452.02038958798,23150.913151364763,23280.574879227053,1968.0,2011.68,990188.16,19803.76,1380.0,60,8,2021,SKU16,CUSTOMER_02,Sorocaba,Brasil,Rodoviário
6480.820131586234,20,1348.11,15840.516002071054,8464.781715291463,23150.913151364763,23280.574879227053,700.0,1685.14,589799.0,29489.95,4880.0,60,9,2021,SKU20,CUSTOMER_01,Barueri,Brasil,Rodoviário
31188.121689386255,1,61.83,15840.516002071054,22188.80474917698,23150.913151364763,23280.574879227053,10740.0,77.29,830097.0,102101.93,44650.0,60,9,2021,SKU21,CUSTOMER_01,Serra,Brasil,Rodoviário
6296.075786750511,19,832.88,9452.02038958798,9452.02038958798,23150.913151364763,23280.574879227053,936.0,1041.1,487234.8,9744.7,690.0,60,9,2021,SKU16,CUSTOMER_02,Sorocaba,Brasil,Rodoviário
7625.196762063673,28,803.92,9452.02038958798,9452.02038958798,23150.913151364763,23280.574879227053,2800.0,1004.9,938296.0,18765.92,36.0,60,9,2021,SKU14,CUSTOMER_02,Sorocaba,Brasil,Rodoviário
23906.899857283322,27,85.91,9452.02038958798,9452.02038958798,23150.913151364763,23280.574879227053,8000.0,107.39,859120.0,105671.76,16760.0,60,9,2021,SKU15,CUSTOMER_02,Sorocaba,Brasil,Rodoviário
6480.820131586234,8,199.78,15840.516002071054,22188.80474917698,23150.913151364763,23280.574879227053,2860.0,249.72,714196.4,87846.16,9760.0,60,9,2021,SKU20,CUSTOMER_01,Serra,Brasil,Rodoviário
13162.844727314232,6,262.2,9452.02038958798,9452.02038958798,23150.913151364763,23280.574879227053,2688.0,327.74,880977.28,108360.21,3920.0,60,9,2021,SKU17,CUSTOMER_02,Sorocaba,Brasil,Rodoviário
31188.121689386255,26,5144.56,15840.516002071054,8464.781715291463,23150.913151364763,23280.574879227053,60.0,6430.7,77168.4,3858.42,8930.0,60,9,2021,SKU21,CUSTOMER_01,Barueri,Brasil,Rodoviário
6296.075786750511,27,146.18,9452.02038958798,9452.02038958798,23150.913151364763,23280.574879227053,5256.0,182.73,960429.84,118132.87,1725.0,60,10,2021,SKU16,CUSTOMER_02,Sorocaba,Brasil,Rodoviário
31188.121689386255,12,49.9,15840.516002071054,22188.80474917698,23150.913151364763,23280.574879227053,3960.0,62.38,247023.2,30383.85,26790.0,60,10,2021,SKU21,CUSTOMER_01,Serra,Brasil,Rodoviário
6480.820131586234,5,710.17,15840.516002071054,22188.80474917698,23150.913151364763,23280.574879227053,200.0,887.71,177542.0,5326.26,2440.0,60,10,2021,SKU20,CUSTOMER_01,Serra,Brasil,Rodoviário
23906.899857283322,13,1488.52,9452.02038958798,9452.02038958798,23150.913151364763,23280.574879227053,2000.0,1860.65,744260.0,14885.2,8380.0,60,10,2021,SKU15,CUSTOMER_02,Sorocaba,Brasil,Rodoviário
13162.844727314232,20,6.37,9452.02038958798,9452.02038958798,23150.913151364763,23280.574879227053,109536.0,7.96,872067.04,107264.25,21560.0,60,10,2021,SKU17,CUSTOMER_02,Sorocaba,Brasil,Rodoviário
7625.196762063673,4,292.26,9452.02038958798,9452.02038958798,23150.913151364763,23280.574879227053,640.0,365.32,233804.8,4676.1,12.0,60,11,2021,SKU14,CUSTOMER_02,Sorocaba,Brasil,Rodoviário
6296.075786750511,29,455.96,9452.02038958798,9452.02038958798,23150.913151364763,23280.574879227053,360.0,569.95,205182.0,4103.64,345.0,60,11,2021,SKU16,CUSTOMER_02,Sorocaba,Brasil,Rodoviário
6480.820131586234,19,726.23,15840.516002071054,8464.781715291463,23150.913151364763,23280.574879227053,200.0,907.79,181558.0,9077.9,2440.0,60,11,2021,SKU20,CUSTOMER_01,Barueri,Brasil,Rodoviário
6480.820131586234,17,2156.66,15840.516002071054,22188.80474917698,23150.913151364763,23280.574879227053,899.0,2695.82,810346.36,24310.39,7320.0,60,11,2021,SKU20,CUSTOMER_01,Serra,Brasil,Rodoviário
23906.899857283322,23,110.65,9452.02038958798,9452.02038958798,23150.913151364763,23280.574879227053,5595.0,138.31,773848.65,95183.38,16760.0,60,11,2021,SKU15,CUSTOMER_02,Sorocaba,Brasil,Rodoviário
13162.844727314232,1,430.67,9452.02038958798,9452.02038958798,23150.913151364763,23280.574879227053,1824.0,538.34,981925.76,120776.87,5880.0,60,11,2021,SKU17,CUSTOMER_02,Sorocaba,Brasil,Rodoviário
6480.820131586234,10,407.2,15840.516002071054,22188.80474917698,23150.913151364763,23280.574879227053,1600.0,509.0,814400.0,100171.2,4880.0,60,12,2021,SKU20,CUSTOMER_01,Serra,Brasil,Rodoviário
7625.196762063673,25,1246.8,9452.02038958798,9452.02038958798,23150.913151364763,23280.574879227053,1680.0,1558.5,653852.8,13077.06,48.0,60,12,2021,SKU14,CUSTOMER_02,Sorocaba,Brasil,Rodoviário
23906.899857283322,30,21.08,9452.02038958798,9452.02038958798,23150.913151364763,23280.574879227053,18000.0,26.35,474332.0,58342.84,33520.0,60,12,2021,SKU15,CUSTOMER_02,Sorocaba,Brasil,Rodoviário
6296.075786750511,19,248.02,9452.02038958798,9452.02038958798,23150.913151364763,23280.574879227053,3168.0,310.03,982173.92,120807.39,1725.0,60,12,2021,SKU16,CUSTOMER_02,Sorocaba,Brasil,Rodoviário
31188.121689386255,2,14.46,15840.516002071054,22188.80474917698,23150.913151364763,23280.574879227053,7200.0,18.08,130140.0,16007.22,26790.0,60,12,2021,SKU21,CUSTOMER_01,Serra,Brasil,Rodoviário
6480.820131586234,27,726.23,15840.516002071054,8464.781715291463,23150.913151364763,23280.574879227053,520.0,907.79,472050.8,23602.54,2440.0,60,12,2021,SKU20,CUSTOMER_01,Barueri,Brasil,Rodoviário
13162.844727314232,28,13.57,9452.02038958798,9452.02038958798,23150.913151364763,23280.574879227053,22016.0,16.96,373472.16,45937.08,9800.0,60,12,2021,SKU17,CUSTOMER_02,Sorocaba,Brasil,Rodoviário
6296.075786750511,7,469.41,9452.02038958798,9452.02038958798,23150.913151364763,23280.574879227053,239.0,586.76,140235.64,2804.71,345.0,60,1,2022,SKU16,CUSTOMER_02,Sorocaba,Brasil,Rodoviário
23906.899857283322,8,71.34,9452.02038958798,9452.02038958798,23150.913151364763,23280.574879227053,7600.0,89.18,677756.0,83363.99,25140.0,60,1,2022,SKU15,CUSTOMER_02,Sorocaba,Brasil,Rodoviário
31188.121689386255,14,16631.36,15840.516002071054,8464.781715291463,23150.913151364763,23280.574879227053,540.0,20789.2,749055.0,37452.75,26790.0,60,1,2022,SKU21,CUSTOMER_01,Barueri,Brasil,Rodoviário
6480.820131586234,11,287.9,15840.516002071054,22188.80474917698,23150.913151364763,23280.574879227053,2460.0,359.88,885298.2,108891.68,9760.0,60,1,2022,SKU20,CUSTOMER_01,Serra,Brasil,Rodoviário
31188.121689386255,29,417.43,15840.516002071054,22188.80474917698,23150.913151364763,23280.574879227053,1620.0,521.78,845290.2,103970.69,35720.0,60,1,2022,SKU21,CUSTOMER_01,Serra,Brasil,Rodoviário
22046.591142191144,8,6.4,51594.88380170174,51594.88380170174,23150.913151364763,23280.574879227053,10316.0,8.0,20632.0,618.96,5576.0,0,1,2022,SKU35,CUSTOMER_08,Salto,Brasil,Rodoviário
6480.820131586234,29,1466.46,15840.516002071054,8464.781715291463,23150.913151364763,23280.574879227053,140.0,1833.08,128531.8,6426.59,4880.0,60,1,2022,SKU20,CUSTOMER_01,Barueri,Brasil,Rodoviário
7625.196762063673,14,311.33,9452.02038958798,9452.02038958798,23150.913151364763,23280.574879227053,240.0,389.16,93398.4,1867.97,12.0,60,1,2022,SKU14,CUSTOMER_02,Sorocaba,Brasil,Rodoviário
22046.591142191144,1,6.4,51594.88380170174,51594.88380170174,23150.913151364763,23280.574879227053,1596.0,8.0,3192.0,95.76,5576.0,0,2,2022,SKU35,CUSTOMER_08,Salto,Brasil,Rodoviário
31188.121689386255,2,964.51,15840.516002071054,8464.781715291463,23150.913151364763,23280.574879227053,780.0,1205.63,940395.2,115668.61,8930.0,60,2,2022,SKU21,CUSTOMER_01,Barueri,Brasil,Rodoviário
6296.075786750511,29,26.64,9452.02038958798,9452.02038958798,23150.913151364763,23280.574879227053,7944.0,33.31,264583.44,32543.76,1725.0,60,2,2022,SKU16,CUSTOMER_02,Sorocaba,Brasil,Rodoviário
23906.899857283322,29,52.03,9452.02038958798,9452.02038958798,23150.913151364763,23280.574879227053,12800.0,65.03,832420.0,102387.66,16760.0,60,2,2022,SKU15,CUSTOMER_02,Sorocaba,Brasil,Rodoviário
31188.121689386255,25,556.81,15840.516002071054,22188.80474917698,23150.913151364763,23280.574879227053,1380.0,696.02,960504.8,118142.09,8930.0,60,2,2022,SKU21,CUSTOMER_01,Serra,Brasil,Rodoviário
13162.844727314232,4,53.69,9452.02038958798,9452.02038958798,23150.913151364763,23280.574879227053,11520.0,67.12,773207.2,95104.49,5880.0,60,2,2022,SKU17,CUSTOMER_02,Sorocaba,Brasil,Rodoviário
6480.820131586234,19,699.17,15840.516002071054,8464.781715291463,23150.913151364763,23280.574879227053,17.0,873.96,14857.32,742.87,2440.0,60,2,2022,SKU20,CUSTOMER_01,Barueri,Brasil,Rodoviário
7625.196762063673,6,588.1,9452.02038958798,9452.02038958798,23150.913151364763,23280.574879227053,1280.0,735.12,470507.2,9410.14,24.0,60,2,2022,SKU14,CUSTOMER_02,Sorocaba,Brasil,Rodoviário
31188.121689386255,6,122.43,15840.516002071054,22188.80474917698,23150.913151364763,23280.574879227053,9615.0,153.04,1471432.4,180986.19,26790.0,60,3,2022,SKU21,CUSTOMER_01,Serra,Brasil,Rodoviário
52933.31226740358,6,19.2,36471.45636951254,36471.45636951254,23150.913151364763,23280.574879227053,5840.0,24.0,5840.0,525.6,65232.0,0,3,2022,SKU36,CUSTOMER_09,Jundiaí,Brasil,Rodoviário
18375.504607032486,19,468.98,9452.02038958798,9452.02038958798,23150.913151364763,23280.574879227053,497.0,586.23,291356.31,5827.13,4.0,30,3,2022,SKU19,CUSTOMER_02,Sorocaba,Brasil,Rodoviário
6480.820131586234,12,655.69,15840.516002071054,22188.80474917698,23150.913151364763,23280.574879227053,100.0,819.61,81961.0,2458.83,2440.0,60,3,2022,SKU20,CUSTOMER_01,Serra,Brasil,Rodoviário
6480.820131586234,7,665.79,15840.516002071054,8464.781715291463,23150.913151364763,23280.574879227053,200.0,832.24,166448.0,8322.4,2440.0,60,3,2022,SKU20,CUSTOMER_01,Barueri,Brasil,Rodoviário
13162.844727314232,25,1859.81,9452.02038958798,9452.02038958798,23150.913151364763,23280.574879227053,288.0,2324.76,167382.72,3347.65,1960.0,60,3,2022,SKU17,CUSTOMER_02,Sorocaba,Brasil,Rodoviário
7625.196762063673,19,290.67,9452.02038958798,9452.02038958798,23150.913151364763,23280.574879227053,240.0,363.34,87201.6,1744.03,12.0,60,3,2022,SKU14,CUSTOMER_02,Sorocaba,Brasil,Rodoviário
31188.121689386255,19,5165.52,15840.516002071054,8464.781715291463,23150.913151364763,23280.574879227053,540.0,6456.9,697345.2,34867.26,8930.0,60,3,2022,SKU21,CUSTOMER_01,Barueri,Brasil,Rodoviário
52933.31226740358,20,12.8,36471.45636951254,36471.45636951254,23150.913151364763,23280.574879227053,6608.0,16.0,6608.0,594.72,43488.0,0,4,2022,SKU36,CUSTOMER_09,Jundiaí,Brasil,Rodoviário
7625.196762063673,24,560.5,9452.02038958798,9452.02038958798,23150.913151364763,23280.574879227053,2236.0,700.62,783293.16,15665.86,24.0,60,4,2022,SKU14,CUSTOMER_02,Sorocaba,Brasil,Rodoviário
31188.121689386255,20,94.46,15840.516002071054,22188.80474917698,23150.913151364763,23280.574879227053,8280.0,118.07,977651.2,120251.1,53580.0,60,4,2022,SKU21,CUSTOMER_01,Serra,Brasil,Rodoviário
23906.899857283322,8,8.35,9452.02038958798,9452.02038958798,23150.913151364763,23280.574879227053,27585.0,10.44,287986.05,35422.28,25140.0,60,4,2022,SKU15,CUSTOMER_02,Sorocaba,Brasil,Rodoviário
7625.196762063673,26,569.34,9452.02038958798,9452.02038958798,23150.913151364763,23280.574879227053,720.0,711.67,256850.4,5137.01,24.0,60,5,2022,SKU14,CUSTOMER_02,Sorocaba,Brasil,Rodoviário
31188.121689386255,1,117.86,15840.516002071054,22188.80474917698,23150.913151364763,23280.574879227053,5520.0,147.33,813234.4,100027.83,26790.0,60,5,2022,SKU21,CUSTOMER_01,Serra,Brasil,Rodoviário
6480.820131586234,29,1341.31,15840.516002071054,8464.781715291463,23150.913151364763,23280.574879227053,600.0,1676.64,502992.0,25149.6,4880.0,60,5,2022,SKU20,CUSTOMER_01,Barueri,Brasil,Rodoviário
6296.075786750511,15,1701.52,9452.02038958798,9452.02038958798,23150.913151364763,23280.574879227053,1511.0,2126.9,805884.34,16117.69,1380.0,60,5,2022,SKU16,CUSTOMER_02,Sorocaba,Brasil,Rodoviário
6480.820131586234,25,64.04,15840.516002071054,22188.80474917698,23150.913151364763,23280.574879227053,6860.0,80.05,549175.8,67548.62,17080.0,60,5,2022,SKU20,CUSTOMER_01,Serra,Brasil,Rodoviário
23906.899857283322,5,62.59,9452.02038958798,9452.02038958798,23150.913151364763,23280.574879227053,8000.0,78.24,625920.0,76988.16,8380.0,60,5,2022,SKU15,CUSTOMER_02,Sorocaba,Brasil,Rodoviário
18375.504607032486,1,321.39,9452.02038958798,9452.02038958798,23150.913151364763,23280.574879227053,2388.0,401.74,959356.92,118000.9,16.0,30,6,2022,SKU19,CUSTOMER_02,Sorocaba,Brasil,Rodoviário
13162.844727314232,14,67.88,9452.02038958798,9452.02038958798,23150.913151364763,23280.574879227053,8544.0,84.85,724937.76,89167.34,9800.0,60,6,2022,SKU17,CUSTOMER_02,Sorocaba,Brasil,Rodoviário
52933.31226740358,1,6.4,36471.45636951254,36471.45636951254,23150.913151364763,23280.574879227053,5848.0,8.0,5848.0,526.32,21744.0,0,6,2022,SKU36,CUSTOMER_09,Jundiaí,Brasil,Rodoviário
21880.372992485085,26,1.76,22679.14003180492,22679.14003180492,22679.14003180492,23280.574879227053,1890.0,2.2,4158.0,124.74,9765.0,30,6,2022,SKU27,CUSTOMER_04,Genebra,Suíça,Rodoviário
6480.820131586234,1,665.07,15840.516002071054,22188.80474917698,23150.913151364763,23280.574879227053,575.0,831.34,478020.5,14340.62,2440.0,60,6,2022,SKU20,CUSTOMER_01,Serra,Brasil,Rodoviário
6296.075786750511,16,377.56,9452.02038958798,9452.02038958798,23150.913151364763,23280.574879227053,1968.0,471.95,928798.16,114242.17,1725.0,60,6,2022,SKU16,CUSTOMER_02,Sorocaba,Brasil,Rodoviário
31188.121689386255,1,4944.8,15840.516002071054,8464.781715291463,23150.913151364763,23280.574879227053,420.0,6181.0,519204.0,25960.2,8930.0,60,6,2022,SKU21,CUSTOMER_01,Barueri,Brasil,Rodoviário
19081.2244948974,11,1534.46,9452.02038958798,9452.02038958798,23150.913151364763,23280.574879227053,96.0,1918.08,92067.84,1841.36,58.0,60,6,2022,SKU07,CUSTOMER_02,Sorocaba,Brasil,Rodoviário
19808.570416547314,17,6.05,22679.14003180492,22679.14003180492,22679.14003180492,23280.574879227053,8280.0,7.57,31321.85,939.66,1440.0,0,6,2022,SKU32,CUSTOMER_04,Genebra,Suíça,Rodoviário
13568.667629216188,4,1390.25,15840.516002071054,8464.781715291463,23150.913151364763,23280.574879227053,18.0,1737.81,31280.58,1564.03,1026.0,60,6,2022,SKU10,CUSTOMER_01,Barueri,Brasil,Rodoviário
19094.663024086683,25,1360.24,9452.02038958798,9452.02038958798,23150.913151364763,23280.574879227053,96.0,1700.3,81614.4,1632.29,90.0,60,6,2022,SKU06,CUSTOMER_02,Sorocaba,Brasil,Rodoviário
31188.121689386255,28,75.13,15840.516002071054,22188.80474917698,23150.913151364763,23280.574879227053,28060.0,93.91,2635046.0,324110.66,53580.0,60,6,2022,SKU21,CUSTOMER_01,Serra,Brasil,Rodoviário
13568.667629216188,27,1127.82,15840.516002071054,22188.80474917698,23150.913151364763,23280.574879227053,198.0,1409.78,279136.44,8374.09,1026.0,60,6,2022,SKU10,CUSTOMER_01,Serra,Brasil,Rodoviário
28901.81278018128,13,6.97,22679.14003180492,22679.14003180492,22679.14003180492,23280.574879227053,25620.0,8.71,56358.86,1690.77,69000.0,0,6,2022,SKU31,CUSTOMER_04,Genebra,Suíça,Rodoviário
7625.196762063673,18,87.35,9452.02038958798,9452.02038958798,23150.913151364763,23280.574879227053,7200.0,109.19,786193.6,96701.81,72.0,60,7,2022,SKU14,CUSTOMER_02,Sorocaba,Brasil,Rodoviário
20628.174576874564,8,2.46,22679.14003180492,22679.14003180492,22679.14003180492,18984.409377995224,5800.0,3.08,17864.0,3215.52,1885.0,30,7,2022,SKU23,CUSTOMER_04,Genebra,Suíça,Aéreo
21880.372992485085,11,1.72,22679.14003180492,22679.14003180492,22679.14003180492,23280.574879227053,8400.0,2.15,18060.0,541.8,9765.0,30,7,2022,SKU27,CUSTOMER_04,Genebra,Suíça,Rodoviário
31188.121689386255,4,29.84,15840.516002071054,22188.80474917698,23150.913151364763,23280.574879227053,32040.0,37.3,1195090.6,146996.14,71440.0,60,7,2022,SKU21,CUSTOMER_01,Serra,Brasil,Rodoviário
19081.2244948974,16,9732.02,9452.02038958798,9452.02038958798,23150.913151364763,23280.574879227053,494.0,12165.02,593682.8,11873.66,290.0,60,7,2022,SKU07,CUSTOMER_02,Sorocaba,Brasil,Rodoviário
6296.075786750511,24,63.13,9452.02038958798,9452.02038958798,23150.913151364763,23280.574879227053,10608.0,78.91,837091.52,102962.26,4140.0,60,7,2022,SKU16,CUSTOMER_02,Sorocaba,Brasil,Rodoviário
19726.864203164634,5,6.42,22679.14003180492,22679.14003180492,22679.14003180492,18984.409377995224,16800.0,8.03,44990.4,8098.27,504.0,30,7,2022,SKU26,CUSTOMER_04,Genebra,Suíça,Aéreo
21880.372992485085,16,5.18,22679.14003180492,22679.14003180492,22679.14003180492,18984.409377995224,21000.0,6.48,45444.0,8179.92,29295.0,30,7,2022,SKU27,CUSTOMER_04,Genebra,Suíça,Aéreo
20173.268116199775,5,3390.6,15840.516002071054,8464.781715291463,23150.913151364763,23280.574879227053,54.0,4238.25,76288.5,3814.43,8883.0,60,7,2022,SKU08,CUSTOMER_01,Barueri,Brasil,Rodoviário
13568.667629216188,29,1576.49,15840.516002071054,22188.80474917698,23150.913151364763,23280.574879227053,119.0,1970.61,234502.59,7035.08,1026.0,60,7,2022,SKU10,CUSTOMER_01,Serra,Brasil,Rodoviário
19468.39787820569,7,4717.78,15840.516002071054,8464.781715291463,23150.913151364763,23280.574879227053,6.0,5897.22,11794.44,589.72,1188.0,60,7,2022,SKU01,CUSTOMER_01,Barueri,Brasil,Rodoviário
19468.39787820569,30,1572.59,15840.516002071054,22188.80474917698,23150.913151364763,23280.574879227053,36.0,1965.74,70766.64,2123.0,396.0,60,7,2022,SKU01,CUSTOMER_01,Serra,Brasil,Rodoviário
52933.31226740358,19,12.8,36471.45636951254,36471.45636951254,23150.913151364763,23280.574879227053,5144.0,16.0,5144.0,154.32,43488.0,0,7,2022,SKU36,CUSTOMER_09,Jundiaí,Brasil,Rodoviário
13568.667629216188,20,1543.93,15840.516002071054,8464.781715291463,23150.913151364763,23280.574879227053,24.0,1929.91,46317.84,2315.89,1026.0,60,7,2022,SKU10,CUSTOMER_01,Barueri,Brasil,Rodoviário
31188.121689386255,25,5234.16,15840.516002071054,8464.781715291463,23150.913151364763,23280.574879227053,60.0,6542.7,78512.4,3925.62,8930.0,60,7,2022,SKU21,CUSTOMER_01,Barueri,Brasil,Rodoviário
52933.31226740358,28,19.2,36471.45636951254,36471.45636951254,23150.913151364763,23280.574879227053,6568.0,24.0,6568.0,591.12,65232.0,0,7,2022,SKU36,CUSTOMER_09,Jundiaí,Brasil,Rodoviário
23906.899857283322,17,3.36,9452.02038958798,9452.02038958798,23150.913151364763,23280.574879227053,105200.0,4.2,442112.0,54379.78,67040.0,60,7,2022,SKU15,CUSTOMER_02,Sorocaba,Brasil,Rodoviário
13162.844727314232,6,67.86,9452.02038958798,9452.02038958798,23150.913151364763,23280.574879227053,7872.0,84.82,667729.44,82130.72,7840.0,60,7,2022,SKU17,CUSTOMER_02,Sorocaba,Brasil,Rodoviário
31188.121689386255,25,17.58,15840.516002071054,22188.80474917698,23150.913151364763,23280.574879227053,68880.0,21.98,1513731.2,186188.94,62510.0,60,8,2022,SKU21,CUSTOMER_01,Serra,Brasil,Rodoviário
23906.899857283322,10,11.02,9452.02038958798,9452.02038958798,23150.913151364763,23280.574879227053,37600.0,13.78,518156.0,63733.19,33520.0,60,8,2022,SKU15,CUSTOMER_02,Sorocaba,Brasil,Rodoviário
31188.121689386255,8,10375.08,15840.516002071054,8464.781715291463,23150.913151364763,23280.574879227053,225.0,12968.85,290313.45,14515.67,17860.0,60,8,2022,SKU21,CUSTOMER_01,Barueri,Brasil,Rodoviário
20628.174576874564,29,24.68,22679.14003180492,22679.14003180492,22679.14003180492,18984.409377995224,58000.0,30.85,178930.0,32207.4,18850.0,30,8,2022,SKU23,CUSTOMER_04,Genebra,Suíça,Aéreo
6480.820131586234,15,237.85,15840.516002071054,8464.781715291463,23150.913151364763,23280.574879227053,2960.0,297.31,880044.0,108245.41,9760.0,60,8,2022,SKU20,CUSTOMER_01,Barueri,Brasil,Rodoviário
19094.663024086683,1,300.21,9452.02038958798,9452.02038958798,23150.913151364763,23280.574879227053,1958.0,375.26,734767.54,90376.41,630.0,60,8,2022,SKU06,CUSTOMER_02,Sorocaba,Brasil,Rodoviário
30862.443596482095,11,3.7,22679.14003180492,22679.14003180492,22679.14003180492,18984.409377995224,11970.0,4.62,27650.7,4977.13,60480.0,30,8,2022,SKU24,CUSTOMER_04,Genebra,Suíça,Aéreo
20404.344889129366,17,0.6,22679.14003180492,22679.14003180492,22679.14003180492,18984.409377995224,10560.0,0.75,7920.0,1425.6,5280.0,0,8,2022,SKU30,CUSTOMER_04,Genebra,Suíça,Aéreo
13568.667629216188,19,1362.64,15840.516002071054,22188.80474917698,23150.913151364763,23280.574879227053,576.0,1703.29,981097.52,120674.99,2052.0,60,8,2022,SKU10,CUSTOMER_01,Serra,Brasil,Rodoviário
6480.820131586234,5,1342.65,15840.516002071054,22188.80474917698,23150.913151364763,23280.574879227053,680.0,1678.31,571317.0,17139.51,4880.0,60,8,2022,SKU20,CUSTOMER_01,Serra,Brasil,Rodoviário
19995.81382221596,25,0.33,22679.14003180492,22679.14003180492,22679.14003180492,18984.409377995224,4800.0,0.41,1968.0,354.24,2400.0,30,8,2022,SKU25,CUSTOMER_04,Genebra,Suíça,Aéreo
6296.075786750511,23,434.86,9452.02038958798,9452.02038958798,23150.913151364763,23280.574879227053,20.0,543.57,10871.4,217.43,345.0,60,8,2022,SKU16,CUSTOMER_02,Sorocaba,Brasil,Rodoviário
52933.31226740358,27,6.4,36471.45636951254,36471.45636951254,23150.913151364763,23280.574879227053,1480.0,8.0,1480.0,44.4,21744.0,0,8,2022,SKU36,CUSTOMER_09,Jundiaí,Brasil,Rodoviário
13568.667629216188,11,1032.25,15840.516002071054,8464.781715291463,23150.913151364763,23280.574879227053,738.0,1290.32,952254.54,117127.31,3078.0,60,8,2022,SKU10,CUSTOMER_01,Barueri,Brasil,Rodoviário
20080.45821837003,27,0.33,22679.14003180492,22679.14003180492,22679.14003180492,18984.409377995224,3600.0,0.41,1476.0,265.68,1200.0,0,8,2022,SKU33,CUSTOMER_04,Genebra,Suíça,Aéreo
30862.443596482095,5,3.7,22679.14003180492,22679.14003180492,22679.14003180492,23280.574879227053,16800.0,4.62,38808.0,1164.24,60480.0,30,9,2022,SKU24,CUSTOMER_04,Genebra,Suíça,Rodoviário
18504.08507946941,17,129.17,9452.02038958798,9452.02038958798,23150.913151364763,23280.574879227053,5712.0,161.46,922267.68,113438.92,660.0,30,9,2022,SKU03,CUSTOMER_02,Sorocaba,Brasil,Rodoviário
31188.121689386255,14,50.0,15840.516002071054,22188.80474917698,23150.913151364763,23280.574879227053,14280.0,62.49,892426.0,109768.4,35720.0,60,9,2022,SKU21,CUSTOMER_01,Serra,Brasil,Rodoviário
13162.844727314232,19,1930.3,9452.02038958798,9452.02038958798,23150.913151364763,23280.574879227053,80.0,2412.88,48257.6,965.15,1960.0,60,9,2022,SKU17,CUSTOMER_02,Sorocaba,Brasil,Rodoviário
19093.991097627222,8,341.57,9452.02038958798,9452.02038958798,23150.913151364763,23280.574879227053,1920.0,426.97,819774.4,100832.25,272.0,30,9,2022,SKU04,CUSTOMER_02,Sorocaba,Brasil,Rodoviário
7625.196762063673,14,51.32,9452.02038958798,9452.02038958798,23150.913151364763,23280.574879227053,13234.0,64.15,848914.18,104416.44,72.0,60,9,2022,SKU14,CUSTOMER_02,Sorocaba,Brasil,Rodoviário
31188.121689386255,22,5223.8,15840.516002071054,8464.781715291463,23150.913151364763,23280.574879227053,115.0,6529.75,150184.25,7509.21,8930.0,60,9,2022,SKU21,CUSTOMER_01,Barueri,Brasil,Rodoviário
31188.121689386255,7,276.2,15840.516002071054,8464.781715291463,23150.913151364763,23280.574879227053,2040.0,345.24,704298.0,86628.65,17860.0,60,9,2022,SKU21,CUSTOMER_01,Barueri,Brasil,Rodoviário
19081.728439741997,13,518.71,9452.02038958798,9452.02038958798,23150.913151364763,23280.574879227053,1500.0,648.39,972590.0,119628.57,74.0,30,9,2022,SKU02,CUSTOMER_02,Sorocaba,Brasil,Rodoviário
23906.899857283322,11,3092.24,9452.02038958798,9452.02038958798,23150.913151364763,23280.574879227053,445.0,3865.3,171476.9,3429.54,16760.0,60,9,2022,SKU15,CUSTOMER_02,Sorocaba,Brasil,Rodoviário
19063.33445291416,17,2236.1,9452.02038958798,9452.02038958798,23150.913151364763,23280.574879227053,398.0,2795.12,278114.44,5562.29,28.0,30,9,2022,SKU05,CUSTOMER_02,Sorocaba,Brasil,Rodoviário
20173.268116199775,26,19.61,15840.516002071054,22188.80474917698,23150.913151364763,23280.574879227053,8784.0,24.51,215319.84,26484.34,17766.0,60,9,2022,SKU08,CUSTOMER_01,Serra,Brasil,Rodoviário
19093.991097627222,29,1291.71,9452.02038958798,9452.02038958798,23150.913151364763,23280.574879227053,28.0,1614.64,22604.96,452.1,68.0,30,10,2022,SKU04,CUSTOMER_02,Sorocaba,Brasil,Rodoviário
18504.08507946941,10,4283.95,9452.02038958798,9452.02038958798,23150.913151364763,23280.574879227053,114.0,5354.94,101743.86,2034.88,330.0,30,10,2022,SKU03,CUSTOMER_02,Sorocaba,Brasil,Rodoviário
18375.504607032486,8,410.44,9452.02038958798,9452.02038958798,23150.913151364763,23280.574879227053,1800.0,513.05,923490.0,113589.27,12.0,30,10,2022,SKU19,CUSTOMER_02,Sorocaba,Brasil,Rodoviário
13162.844727314232,24,120.44,9452.02038958798,9452.02038958798,23150.913151364763,23280.574879227053,5952.0,150.55,896087.68,110218.78,3920.0,60,10,2022,SKU17,CUSTOMER_02,Sorocaba,Brasil,Rodoviário
6296.075786750511,4,2247.59,9452.02038958798,9452.02038958798,23150.913151364763,23280.574879227053,1368.0,2809.49,769942.08,15398.84,1725.0,60,10,2022,SKU16,CUSTOMER_02,Sorocaba,Brasil,Rodoviário
30862.443596482095,17,5.54,22679.14003180492,22679.14003180492,22679.14003180492,23280.574879227053,25200.0,6.93,58212.0,1746.36,90720.0,30,10,2022,SKU24,CUSTOMER_04,Genebra,Suíça,Rodoviário
52933.31226740358,4,12.8,36471.45636951254,36471.45636951254,23150.913151364763,23280.574879227053,9352.0,16.0,9352.0,841.68,43488.0,0,10,2022,SKU36,CUSTOMER_09,Jundiaí,Brasil,Rodoviário
6480.820131586234,3,728.36,15840.516002071054,8464.781715291463,23150.913151364763,23280.574879227053,40.0,910.45,36418.0,1820.9,2440.0,60,11,2022,SKU20,CUSTOMER_01,Barueri,Brasil,Rodoviário
6480.820131586234,16,242.78,15840.516002071054,8464.781715291463,23150.913151364763,23280.574879227053,2980.0,303.47,904341.4,111233.99,12200.0,60,11,2022,SKU20,CUSTOMER_01,Barueri,Brasil,Rodoviário
23906.899857283322,12,1663.56,9452.02038958798,9452.02038958798,23150.913151364763,23280.574879227053,800.0,2079.45,332712.0,6654.24,8380.0,60,11,2022,SKU15,CUSTOMER_02,Sorocaba,Brasil,Rodoviário
31188.121689386255,6,16.13,15840.516002071054,22188.80474917698,23150.913151364763,23280.574879227053,9180.0,20.16,185063.6,22762.82,44650.0,60,11,2022,SKU21,CUSTOMER_01,Serra,Brasil,Rodoviário
19063.33445291416,10,523.14,9452.02038958798,9452.02038958798,23150.913151364763,23280.574879227053,1500.0,653.92,980880.0,120648.24,70.0,30,11,2022,SKU05,CUSTOMER_02,Sorocaba,Brasil,Rodoviário
13568.667629216188,7,1548.06,15840.516002071054,22188.80474917698,23150.913151364763,23280.574879227053,306.0,1935.07,592131.42,17763.94,1026.0,60,11,2022,SKU10,CUSTOMER_01,Serra,Brasil,Rodoviário
13568.667629216188,19,1516.09,15840.516002071054,8464.781715291463,23150.913151364763,23280.574879227053,18.0,1895.11,34111.98,1705.6,1026.0,60,11,2022,SKU10,CUSTOMER_01,Barueri,Brasil,Rodoviário
7625.196762063673,7,321.12,9452.02038958798,9452.02038958798,23150.913151364763,23280.574879227053,320.0,401.4,128448.0,2568.96,12.0,60,11,2022,SKU14,CUSTOMER_02,Sorocaba,Brasil,Rodoviário
6480.820131586234,26,267.93,15840.516002071054,22188.80474917698,23150.913151364763,23280.574879227053,2280.0,334.91,763602.0,93923.05,4880.0,60,11,2022,SKU20,CUSTOMER_01,Serra,Brasil,Rodoviário
13568.667629216188,25,144.76,15840.516002071054,8464.781715291463,23150.913151364763,23280.574879227053,2268.0,180.95,410387.52,50477.66,4104.0,60,11,2022,SKU10,CUSTOMER_01,Barueri,Brasil,Rodoviário
18504.08507946941,27,4405.15,9452.02038958798,9452.02038958798,23150.913151364763,23280.574879227053,960.0,5506.44,881030.4,17620.61,330.0,30,11,2022,SKU03,CUSTOMER_02,Sorocaba,Brasil,Rodoviário
31188.121689386255,11,17634.12,15840.516002071054,8464.781715291463,23150.913151364763,23280.574879227053,180.0,22042.65,264511.8,13225.59,26790.0,60,11,2022,SKU21,CUSTOMER_01,Barueri,Brasil,Rodoviário
52933.31226740358,25,32.0,36471.45636951254,36471.45636951254,23150.913151364763,23280.574879227053,22656.0,40.0,22656.0,2039.04,108720.0,0,11,2022,SKU36,CUSTOMER_09,Jundiaí,Brasil,Rodoviário
18375.504607032486,7,299.42,9452.02038958798,9452.02038958798,23150.913151364763,23280.574879227053,1200.0,374.28,149712.0,2994.24,12.0,30,11,2022,SKU19,CUSTOMER_02,Sorocaba,Brasil,Rodoviário
19081.728439741997,3,220.25,9452.02038958798,9452.02038958798,23150.913151364763,23280.574879227053,2936.0,275.31,808304.8,99421.49,370.0,30,11,2022,SKU02,CUSTOMER_02,Sorocaba,Brasil,Rodoviário
19093.991097627222,8,147.03,9452.02038958798,9452.02038958798,23150.913151364763,23280.574879227053,4576.0,183.78,840990.88,103441.88,272.0,30,11,2022,SKU04,CUSTOMER_02,Sorocaba,Brasil,Rodoviário
13162.844727314232,26,4244.61,9452.02038958798,9452.02038958798,23150.913151364763,23280.574879227053,384.0,5305.76,251253.12,5025.06,3920.0,60,11,2022,SKU17,CUSTOMER_02,Sorocaba,Brasil,Rodoviário
6296.075786750511,11,331.41,9452.02038958798,9452.02038958798,23150.913151364763,23280.574879227053,2304.0,414.26,954449.28,117397.26,1035.0,60,12,2022,SKU16,CUSTOMER_02,Sorocaba,Brasil,Rodoviário
7625.196762063673,18,78.04,9452.02038958798,9452.02038958798,23150.913151364763,23280.574879227053,8720.0,97.56,850688.0,104634.62,120.0,60,12,2022,SKU14,CUSTOMER_02,Sorocaba,Brasil,Rodoviário
31188.121689386255,19,126.92,15840.516002071054,22188.80474917698,23150.913151364763,23280.574879227053,24480.0,158.65,3883640.8,477687.82,53580.0,60,12,2022,SKU21,CUSTOMER_01,Serra,Brasil,Rodoviário
52933.31226740358,24,12.8,36471.45636951254,36471.45636951254,23150.913151364763,23280.574879227053,7656.0,16.0,7656.0,229.68,43488.0,0,12,2022,SKU36,CUSTOMER_09,Jundiaí,Brasil,Rodoviário
19063.33445291416,11,1158.4,9452.02038958798,9452.02038958798,23150.913151364763,23280.574879227053,34.0,1448.0,24616.0,492.32,14.0,30,12,2022,SKU05,CUSTOMER_02,Sorocaba,Brasil,Rodoviário
18375.504607032486,30,1554.65,9452.02038958798,9452.02038958798,23150.913151364763,23280.574879227053,1205.0,1943.31,778679.7,15573.59,12.0,30,12,2022,SKU19,CUSTOMER_02,Sorocaba,Brasil,Rodoviário
20173.268116199775,17,132.08,15840.516002071054,22188.80474917698,23150.913151364763,23280.574879227053,7614.0,165.1,1257053.84,154617.62,17766.0,60,12,2022,SKU08,CUSTOMER_01,Serra,Brasil,Rodoviário
6480.820131586234,11,66.48,15840.516002071054,22188.80474917698,23150.913151364763,23280.574879227053,12300.0,83.09,1022063.0,125713.75,12200.0,60,12,2022,SKU20,CUSTOMER_01,Serra,Brasil,Rodoviário
19081.728439741997,27,1184.51,9452.02038958798,9452.02038958798,23150.913151364763,23280.574879227053,92.0,1480.64,68109.44,1362.19,74.0,30,12,2022,SKU02,CUSTOMER_02,Sorocaba,Brasil,Rodoviário
20173.268116199775,26,2548.11,15840.516002071054,8464.781715291463,23150.913151364763,23280.574879227053,108.0,3185.14,171997.56,8599.88,5922.0,60,12,2022,SKU08,CUSTOMER_01,Barueri,Brasil,Rodoviário
13162.844727314232,18,46.93,9452.02038958798,9452.02038958798,23150.913151364763,23280.574879227053,11424.0,58.66,670175.84,82431.63,13720.0,60,12,2022,SKU17,CUSTOMER_02,Sorocaba,Brasil,Rodoviário
31188.121689386255,30,148.77,15840.516002071054,8464.781715291463,23150.913151364763,23280.574879227053,5220.0,185.96,970693.4,119395.29,26790.0,60,12,2022,SKU21,CUSTOMER_01,Barueri,Brasil,Rodoviário
13568.667629216188,29,3127.1,15840.516002071054,22188.80474917698,23150.913151364763,23280.574879227053,324.0,3908.88,632421.0,18972.63,2052.0,60,12,2022,SKU10,CUSTOMER_01,Serra,Brasil,Rodoviário
13568.667629216188,22,1580.72,15840.516002071054,8464.781715291463,23150.913151364763,23280.574879227053,108.0,1975.9,213397.2,10669.86,1026.0,60,12,2022,SKU10,CUSTOMER_01,Barueri,Brasil,Rodoviário
52933.31226740358,14,12.8,36471.45636951254,36471.45636951254,23150.913151364763,23280.574879227053,16408.0,16.0,16408.0,1476.72,43488.0,0,12,2022,SKU36,CUSTOMER_09,Jundiaí,Brasil,Rodoviário
18504.08507946941,13,8440.85,9452.02038958798,9452.02038958798,23150.913151364763,23280.574879227053,144.0,10551.06,126692.1,2533.84,660.0,30,12,2022,SKU03,CUSTOMER_02,Sorocaba,Brasil,Rodoviário
19110.537286691528,23,5119.34,19110.537286691528,19110.537286691528,19110.537286691528,18984.409377995224,369.0,6399.18,393549.57,70838.92,852.0,60,12,2022,SKU09,CUSTOMER_03,Palo Alto,Estados Unidos,Aéreo
23906.899857283322,25,18.12,9452.02038958798,9452.02038958798,23150.913151364763,23280.574879227053,88400.0,22.65,2002152.0,246264.7,67040.0,60,12,2022,SKU15,CUSTOMER_02,Sorocaba,Brasil,Rodoviário
19093.991097627222,5,152.49,9452.02038958798,9452.02038958798,23150.913151364763,23280.574879227053,4800.0,190.61,914944.0,112538.11,272.0,30,1,2023,SKU04,CUSTOMER_02,Sorocaba,Brasil,Rodoviário
18375.504607032486,10,517.66,9452.02038958798,9452.02038958798,23150.913151364763,23280.574879227053,41.0,647.08,26530.28,530.61,4.0,30,1,2023,SKU19,CUSTOMER_02,Sorocaba,Brasil,Rodoviário
19081.728439741997,15,1191.18,9452.02038958798,9452.02038958798,23150.913151364763,23280.574879227053,84.0,1488.98,62537.16,1250.74,74.0,30,1,2023,SKU02,CUSTOMER_02,Sorocaba,Brasil,Rodoviário
6296.075786750511,25,487.74,9452.02038958798,9452.02038958798,23150.913151364763,23280.574879227053,480.0,609.68,292646.4,5852.93,345.0,60,1,2023,SKU16,CUSTOMER_02,Sorocaba,Brasil,Rodoviário
22046.591142191144,29,38.4,51594.88380170174,51594.88380170174,23150.913151364763,23280.574879227053,37288.0,48.0,74576.0,2237.28,33456.0,0,1,2023,SKU35,CUSTOMER_08,Salto,Brasil,Rodoviário
19081.2244948974,9,4012.13,9452.02038958798,9452.02038958798,23150.913151364763,23280.574879227053,300.0,5015.16,376137.0,7522.74,116.0,60,1,2023,SKU07,CUSTOMER_02,Sorocaba,Brasil,Rodoviário
6480.820131586234,16,234.26,15840.516002071054,22188.80474917698,23150.913151364763,23280.574879227053,3000.0,292.82,878464.0,108051.07,9760.0,60,1,2023,SKU20,CUSTOMER_01,Serra,Brasil,Rodoviário
18504.08507946941,23,212.03,9452.02038958798,9452.02038958798,23150.913151364763,23280.574879227053,3360.0,265.04,890524.8,109534.55,660.0,30,1,2023,SKU03,CUSTOMER_02,Sorocaba,Brasil,Rodoviário
13568.667629216188,11,4764.88,15840.516002071054,8464.781715291463,23150.913151364763,23280.574879227053,450.0,5956.1,890158.68,44507.93,3078.0,60,1,2023,SKU10,CUSTOMER_01,Barueri,Brasil,Rodoviário
13568.667629216188,15,1582.78,15840.516002071054,22188.80474917698,23150.913151364763,23280.574879227053,216.0,1978.47,427349.52,12820.49,1026.0,60,1,2023,SKU10,CUSTOMER_01,Serra,Brasil,Rodoviário
31188.121689386255,24,23.68,15840.516002071054,22188.80474917698,23150.913151364763,23280.574879227053,22320.0,29.6,660740.8,81271.12,35720.0,60,1,2023,SKU21,CUSTOMER_01,Serra,Brasil,Rodoviário
31188.121689386255,10,6152.44,15840.516002071054,8464.781715291463,23150.913151364763,23280.574879227053,540.0,7690.55,830579.4,41528.97,8930.0,60,1,2023,SKU21,CUSTOMER_01,Barueri,Brasil,Rodoviário
13162.844727314232,14,9.46,9452.02038958798,9452.02038958798,23150.913151364763,23280.574879227053,45504.0,11.82,537978.4,66171.34,17640.0,60,1,2023,SKU17,CUSTOMER_02,Sorocaba,Brasil,Rodoviário
7625.196762063673,1,335.3,9452.02038958798,9452.02038958798,23150.913151364763,23280.574879227053,238.0,419.12,99750.56,1995.01,12.0,60,1,2023,SKU14,CUSTOMER_02,Sorocaba,Brasil,Rodoviário
20173.268116199775,13,449.58,15840.516002071054,22188.80474917698,23150.913151364763,23280.574879227053,1656.0,561.97,930627.36,114467.17,8883.0,60,1,2023,SKU08,CUSTOMER_01,Serra,Brasil,Rodoviário
23906.899857283322,1,23.71,9452.02038958798,9452.02038958798,23150.913151364763,23280.574879227053,12800.0,29.64,379364.0,46661.77,16760.0,60,1,2023,SKU15,CUSTOMER_02,Sorocaba,Brasil,Rodoviário
19110.537286691528,8,853.38,19110.537286691528,19110.537286691528,19110.537286691528,18984.409377995224,1.0,1066.73,1066.73,192.01,142.0,60,1,2023,SKU09,CUSTOMER_03,Palo Alto,Estados Unidos,Aéreo
31188.121689386255,13,5955.16,15840.516002071054,8464.781715291463,23150.913151364763,23280.574879227053,540.0,7443.95,803946.6,40197.33,8930.0,60,2,2023,SKU21,CUSTOMER_01,Barueri,Brasil,Rodoviário
19094.663024086683,5,1683.47,9452.02038958798,9452.02038958798,23150.913151364763,23280.574879227053,48.0,2104.34,50504.16,1010.08,90.0,60,2,2023,SKU06,CUSTOMER_02,Sorocaba,Brasil,Rodoviário
31188.121689386255,26,4.02,15840.516002071054,22188.80474917698,23150.913151364763,23280.574879227053,34210.0,5.02,171880.5,21141.3,62510.0,60,2,2023,SKU21,CUSTOMER_01,Serra,Brasil,Rodoviário
6480.820131586234,9,750.21,15840.516002071054,22188.80474917698,23150.913151364763,23280.574879227053,200.0,937.76,187552.0,5626.56,2440.0,60,2,2023,SKU20,CUSTOMER_01,Serra,Brasil,Rodoviário
18504.08507946941,30,25.45,9452.02038958798,9452.02038958798,23150.913151364763,23280.574879227053,7680.0,31.82,244362.4,30056.58,1320.0,30,2,2023,SKU03,CUSTOMER_02,Sorocaba,Brasil,Rodoviário
13568.667629216188,16,791.53,15840.516002071054,22188.80474917698,23150.913151364763,23280.574879227053,928.0,989.41,918174.08,112935.41,7182.0,60,2,2023,SKU10,CUSTOMER_01,Serra,Brasil,Rodoviário
13162.844727314232,7,48.7,9452.02038958798,9452.02038958798,23150.913151364763,23280.574879227053,55968.0,60.88,3407127.52,419076.68,17640.0,60,2,2023,SKU17,CUSTOMER_02,Sorocaba,Brasil,Rodoviário
22046.591142191144,20,25.6,51594.88380170174,51594.88380170174,23150.913151364763,23280.574879227053,12580.0,32.0,25160.0,754.8,22304.0,0,2,2023,SKU35,CUSTOMER_08,Salto,Brasil,Rodoviário
19468.39787820569,10,1852.5,15840.516002071054,8464.781715291463,23150.913151364763,23280.574879227053,108.0,2315.62,250086.96,12504.35,396.0,60,2,2023,SKU01,CUSTOMER_01,Barueri,Brasil,Rodoviário
6296.075786750511,22,277.9,9452.02038958798,9452.02038958798,23150.913151364763,23280.574879227053,2568.0,347.38,892065.04,109724.0,2070.0,60,2,2023,SKU16,CUSTOMER_02,Sorocaba,Brasil,Rodoviário
6480.820131586234,24,3138.1,15840.516002071054,8464.781715291463,23150.913151364763,23280.574879227053,440.0,3922.63,430144.8,21507.24,9760.0,60,2,2023,SKU20,CUSTOMER_01,Barueri,Brasil,Rodoviário
23906.899857283322,5,181.73,9452.02038958798,9452.02038958798,23150.913151364763,23280.574879227053,4400.0,227.16,999496.0,122938.01,16760.0,60,2,2023,SKU15,CUSTOMER_02,Sorocaba,Brasil,Rodoviário
19110.537286691528,1,852.31,19110.537286691528,19110.537286691528,19110.537286691528,18984.409377995224,20.0,1065.39,21307.8,3835.4,142.0,60,2,2023,SKU09,CUSTOMER_03,Palo Alto,Estados Unidos,Aéreo
13568.667629216188,23,1441.25,15840.516002071054,8464.781715291463,23150.913151364763,23280.574879227053,540.0,1801.57,972846.8,119660.16,3078.0,60,2,2023,SKU10,CUSTOMER_01,Barueri,Brasil,Rodoviário
19638.927530857913,27,1904.13,15840.516002071054,8464.781715291463,23150.913151364763,23280.574879227053,312.0,2380.16,742609.16,91340.93,2268.0,60,3,2023,SKU12,CUSTOMER_01,Barueri,Brasil,Rodoviário
31188.121689386255,18,9.79,15840.516002071054,22188.80474917698,23150.913151364763,23280.574879227053,42100.0,12.24,515178.0,63366.89,80370.0,60,3,2023,SKU21,CUSTOMER_01,Serra,Brasil,Rodoviário
20173.268116199775,27,1188.38,15840.516002071054,8464.781715291463,23150.913151364763,23280.574879227053,18.0,1485.47,26738.46,1336.92,2961.0,60,3,2023,SKU08,CUSTOMER_01,Barueri,Brasil,Rodoviário
52933.31226740358,6,6.4,36471.45636951254,36471.45636951254,23150.913151364763,23280.574879227053,6544.0,8.0,6544.0,588.96,21744.0,0,3,2023,SKU36,CUSTOMER_09,Jundiaí,Brasil,Rodoviário
13568.667629216188,24,1505.46,15840.516002071054,22188.80474917698,23150.913151364763,23280.574879227053,162.0,1881.83,304856.46,9145.69,1026.0,60,3,2023,SKU10,CUSTOMER_01,Serra,Brasil,Rodoviário
19926.409784724237,5,15867.02,15840.516002071054,8464.781715291463,23150.913151364763,23280.574879227053,32.0,19833.77,318005.32,15900.27,16.0,60,3,2023,SKU11,CUSTOMER_01,Barueri,Brasil,Rodoviário
20174.18578484116,26,144.24,19674.508154760602,19674.508154760602,23150.913151364763,23280.574879227053,8870.0,180.3,319852.2,9595.57,10775.0,0,3,2023,SKU38,CUSTOMER_10,Jaguariúna,Brasil,Rodoviário
13568.667629216188,18,345.9,15840.516002071054,8464.781715291463,23150.913151364763,23280.574879227053,2052.0,432.37,887227.52,109128.98,4104.0,60,3,2023,SKU10,CUSTOMER_01,Barueri,Brasil,Rodoviário
22046.591142191144,19,38.4,51594.88380170174,51594.88380170174,23150.913151364763,23280.574879227053,10916.0,48.0,21832.0,654.96,33456.0,0,3,2023,SKU35,CUSTOMER_08,Salto,Brasil,Rodoviário
19094.663024086683,26,1683.47,9452.02038958798,9452.02038958798,23150.913151364763,23280.574879227053,160.0,2104.34,168347.2,3366.94,90.0,60,3,2023,SKU06,CUSTOMER_02,Sorocaba,Brasil,Rodoviário
13162.844727314232,18,50.43,9452.02038958798,9452.02038958798,23150.913151364763,23280.574879227053,23808.0,63.04,1500828.32,184601.88,15680.0,60,3,2023,SKU17,CUSTOMER_02,Sorocaba,Brasil,Rodoviário
19063.33445291416,12,189.57,9452.02038958798,9452.02038958798,23150.913151364763,23280.574879227053,3804.0,236.96,901391.16,110871.11,42.0,30,3,2023,SKU05,CUSTOMER_02,Sorocaba,Brasil,Rodoviário
31188.121689386255,3,5470.16,15840.516002071054,8464.781715291463,23150.913151364763,23280.574879227053,600.0,6837.7,820524.0,41026.2,8930.0,60,3,2023,SKU21,CUSTOMER_01,Barueri,Brasil,Rodoviário
19110.537286691528,29,839.62,19110.537286691528,19110.537286691528,19110.537286691528,18984.409377995224,40.0,1049.53,41981.2,7556.62,142.0,60,3,2023,SKU09,CUSTOMER_03,Palo Alto,Estados Unidos,Aéreo
6296.075786750511,11,469.05,9452.02038958798,9452.02038958798,23150.913151364763,23280.574879227053,168.0,586.31,98500.08,1970.0,345.0,60,3,2023,SKU16,CUSTOMER_02,Sorocaba,Brasil,Rodoviário
20173.268116199775,17,638.71,15840.516002071054,22188.80474917698,23150.913151364763,23280.574879227053,1206.0,798.38,962851.46,118430.73,8883.0,60,3,2023,SKU08,CUSTOMER_01,Serra,Brasil,Rodoviário
6480.820131586234,23,380.46,15840.516002071054,8464.781715291463,23150.913151364763,23280.574879227053,2060.0,475.57,979675.8,120500.12,12200.0,60,3,2023,SKU20,CUSTOMER_01,Barueri,Brasil,Rodoviário
6480.820131586234,15,270.94,15840.516002071054,22188.80474917698,23150.913151364763,23280.574879227053,2420.0,338.68,819606.8,100811.64,7320.0,60,3,2023,SKU20,CUSTOMER_01,Serra,Brasil,Rodoviário
19081.2244948974,15,3829.25,9452.02038958798,9452.02038958798,23150.913151364763,23280.574879227053,120.0,4786.56,143596.8,2871.94,116.0,60,3,2023,SKU07,CUSTOMER_02,Sorocaba,Brasil,Rodoviário
23906.899857283322,26,23.8,9452.02038958798,9452.02038958798,23150.913151364763,23280.574879227053,49200.0,29.75,1463676.0,180032.15,25140.0,60,4,2023,SKU15,CUSTOMER_02,Sorocaba,Brasil,Rodoviário
49837.306047461374,2,34.76,9452.02038958798,9452.02038958798,23150.913151364763,23280.574879227053,22656.0,43.45,984407.2,121082.09,150192.0,30,4,2023,SKU13,CUSTOMER_02,Sorocaba,Brasil,Rodoviário
7625.196762063673,18,46.65,9452.02038958798,9452.02038958798,23150.913151364763,23280.574879227053,12000.0,58.32,699780.0,86072.94,72.0,60,4,2023,SKU14,CUSTOMER_02,Sorocaba,Brasil,Rodoviário
19948.528225365946,23,2.13,22679.14003180492,22679.14003180492,22679.14003180492,23280.574879227053,1512.0,2.66,4021.92,120.66,186.0,0,4,2023,SKU34,CUSTOMER_04,Genebra,Suíça,Rodoviário
6480.820131586234,4,691.18,15840.516002071054,8464.781715291463,23150.913151364763,23280.574879227053,60.0,863.98,51838.8,2591.94,2440.0,60,4,2023,SKU20,CUSTOMER_01,Barueri,Brasil,Rodoviário
19638.927530857913,23,2038.74,15840.516002071054,8464.781715291463,23150.913151364763,23280.574879227053,384.0,2548.42,978594.16,120367.08,2268.0,60,4,2023,SKU12,CUSTOMER_01,Barueri,Brasil,Rodoviário
13568.667629216188,23,1396.82,15840.516002071054,22188.80474917698,23150.913151364763,23280.574879227053,166.0,1746.03,289840.98,8695.23,1026.0,60,4,2023,SKU10,CUSTOMER_01,Serra,Brasil,Rodoviário
19638.927530857913,16,23457.62,15840.516002071054,22188.80474917698,23150.913151364763,23280.574879227053,60.0,29322.03,586440.6,17593.22,756.0,60,4,2023,SKU12,CUSTOMER_01,Serra,Brasil,Rodoviário
19808.570416547314,26,2.94,22679.14003180492,22679.14003180492,22679.14003180492,23280.574879227053,4800.0,3.67,17616.0,528.48,720.0,0,4,2023,SKU32,CUSTOMER_04,Genebra,Suíça,Rodoviário
31188.121689386255,27,5246.6,15840.516002071054,8464.781715291463,23150.913151364763,23280.574879227053,725.0,6558.25,950946.25,47547.31,8930.0,60,4,2023,SKU21,CUSTOMER_01,Barueri,Brasil,Rodoviário
52933.31226740358,19,19.2,36471.45636951254,36471.45636951254,23150.913151364763,23280.574879227053,15032.0,24.0,15032.0,1352.88,65232.0,0,4,2023,SKU36,CUSTOMER_09,Jundiaí,Brasil,Rodoviário
19726.864203164634,1,6.38,22679.14003180492,22679.14003180492,22679.14003180492,23280.574879227053,19152.0,7.98,50944.32,1528.33,504.0,30,4,2023,SKU26,CUSTOMER_04,Genebra,Suíça,Rodoviário
6296.075786750511,23,454.9,9452.02038958798,9452.02038958798,23150.913151364763,23280.574879227053,192.0,568.62,109175.04,2183.5,345.0,60,4,2023,SKU16,CUSTOMER_02,Sorocaba,Brasil,Rodoviário
22046.591142191144,27,19.2,51594.88380170174,51594.88380170174,23150.913151364763,23280.574879227053,4696.0,24.0,9392.0,281.76,16728.0,0,4,2023,SKU35,CUSTOMER_08,Salto,Brasil,Rodoviário
22046.591142191144,29,6.4,51594.88380170174,51594.88380170174,23150.913151364763,23280.574879227053,1220.0,8.0,2440.0,73.2,5576.0,0,5,2023,SKU35,CUSTOMER_08,Salto,Brasil,Rodoviário
49837.306047461374,19,2.76,9452.02038958798,9452.02038958798,23150.913151364763,23280.574879227053,207504.0,3.44,714641.28,87900.88,275352.0,30,5,2023,SKU13,CUSTOMER_02,Sorocaba,Brasil,Rodoviário
20174.18578484116,18,144.84,19674.508154760602,19674.508154760602,23150.913151364763,23280.574879227053,10245.0,181.05,370971.45,11129.14,10775.0,0,5,2023,SKU38,CUSTOMER_10,Jaguariúna,Brasil,Rodoviário
52933.31226740358,17,6.4,36471.45636951254,36471.45636951254,23150.913151364763,23280.574879227053,6056.0,8.0,6056.0,181.68,21744.0,0,5,2023,SKU36,CUSTOMER_09,Jundiaí,Brasil,Rodoviário
52933.31226740358,9,19.2,36471.45636951254,36471.45636951254,23150.913151364763,23280.574879227053,11440.0,24.0,11440.0,343.2,65232.0,0,6,2023,SKU36,CUSTOMER_09,Jundiaí,Brasil,Rodoviário
22046.591142191144,19,32.0,51594.88380170174,51594.88380170174,23150.913151364763,23280.574879227053,6056.0,40.0,12112.0,363.36,27880.0,0,6,2023,SKU35,CUSTOMER_08,Salto,Brasil,Rodoviário
22046.591142191144,7,44.8,51594.88380170174,51594.88380170174,23150.913151364763,23280.574879227053,14516.0,56.0,29032.0,870.96,39032.0,0,7,2023,SKU35,CUSTOMER_08,Salto,Brasil,Rodoviário
52933.31226740358,8,25.6,36471.45636951254,36471.45636951254,23150.913151364763,23280.574879227053,12104.0,32.0,12104.0,363.12,86976.0,0,7,2023,SKU36,CUSTOMER_09,Jundiaí,Brasil,Rodoviário
20174.18578484116,14,144.84,19674.508154760602,19674.508154760602,23150.913151364763,23280.574879227053,9765.0,181.05,353590.65,10607.72,10775.0,0,7,2023,SKU38,CUSTOMER_10,Jaguariúna,Brasil,Rodoviário
52933.31226740358,1,32.0,36471.45636951254,36471.45636951254,23150.913151364763,23280.574879227053,29720.0,40.0,29720.0,891.6,108720.0,0,8,2023,SKU36,CUSTOMER_09,Jundiaí,Brasil,Rodoviário
22046.591142191144,29,38.4,51594.88380170174,51594.88380170174,23150.913151364763,23280.574879227053,13128.0,48.0,26256.0,787.68,33456.0,0,8,2023,SKU35,CUSTOMER_08,Salto,Brasil,Rodoviário
22046.591142191144,15,32.0,51594.88380170174,51594.88380170174,23150.913151364763,23280.574879227053,7840.0,40.0,15680.0,470.4,27880.0,0,9,2023,SKU35,CUSTOMER_08,Salto,Brasil,Rodoviário
52933.31226740358,18,10.24,51594.88380170174,51594.88380170174,23150.913151364763,23280.574879227053,5720.0,12.8,4576.0,137.28,43488.0,0,9,2023,SKU36,CUSTOMER_08,Salto,Brasil,Rodoviário
52933.31226740358,12,25.6,36471.45636951254,36471.45636951254,23150.913151364763,23280.574879227053,24072.0,32.0,24072.0,722.16,86976.0,0,9,2023,SKU36,CUSTOMER_09,Jundiaí,Brasil,Rodoviário
52933.31226740358,2,19.2,36471.45636951254,36471.45636951254,23150.913151364763,23280.574879227053,8600.0,24.0,8600.0,258.0,65232.0,0,10,2023,SKU36,CUSTOMER_09,Jundiaí,Brasil,Rodoviário
22046.591142191144,16,6.4,51594.88380170174,51594.88380170174,23150.913151364763,23280.574879227053,472.0,8.0,944.0,28.32,5576.0,0,10,2023,SKU35,CUSTOMER_08,Salto,Brasil,Rodoviário
52933.31226740358,29,25.6,36471.45636951254,36471.45636951254,23150.913151364763,23280.574879227053,86048.0,32.0,86048.0,2581.44,86976.0,0,11,2023,SKU36,CUSTOMER_09,Jundiaí,Brasil,Rodoviário
22046.591142191144,24,0.96,51594.88380170174,51594.88380170174,23150.913151364763,23280.574879227053,13612.0,1.2,4083.6,122.51,5576.0,0,11,2023,SKU35,CUSTOMER_08,Salto,Brasil,Rodoviário
20080.1980014213,24,57.94,19674.508154760602,19674.508154760602,23150.913151364763,23280.574879227053,4800.0,72.42,173808.0,5214.24,1198.0,0,11,2023,SKU37,CUSTOMER_10,Jaguariúna,Brasil,Rodoviário
22236.615855513628,0,28.8,51594.88380170174,51594.88380170174,23150.913151364763,23280.574879227053,27133.2336,36.0,81399.7,2441.99,17772.0,0,12,2023,SKU53,CUSTOMER_08,Salto,Brasil,Rodoviário
52933.31226740358,25,19.2,36471.45636951254,36471.45636951254,23150.913151364763,23280.574879227053,53424.0,24.0,53424.0,1602.72,65232.0,0,12,2023,SKU36,CUSTOMER_09,Jundiaí,Brasil,Rodoviário
22046.591142191144,23,8.64,51594.88380170174,51594.88380170174,23150.913151364763,23280.574879227053,11864.0,10.8,3559.2,106.78,50184.0,0,12,2023,SKU35,CUSTOMER_08,Salto,Brasil,Rodoviário
19653.1383352456,0,19.2,51594.88380170174,51594.88380170174,23150.913151364763,23280.574879227053,19544.0,24.0,58632.0,1758.96,3712.0,0,12,2023,SKU55,CUSTOMER_08,Salto,Brasil,Rodoviário
41358.3981156947,0,24.0,51594.88380170174,51594.88380170174,23150.913151364763,23280.574879227053,7330.0,30.0,21990.0,659.7,164740.0,0,1,2024,SKU50,CUSTOMER_08,Salto,Brasil,Rodoviário
20094.249716652506,0,5.6,51594.88380170174,51594.88380170174,23150.913151364763,23280.574879227053,842.0,7.0,2947.0,88.41,1306.0,0,1,2024,SKU47,CUSTOMER_08,Salto,Brasil,Rodoviário
24646.875343088162,17,21.6,51594.88380170174,51594.88380170174,23150.913151364763,23280.574879227053,1296.0,27.0,3888.0,116.64,36297.0,0,1,2024,SKU39,CUSTOMER_08,Salto,Brasil,Rodoviário
22046.591142191144,4,32.0,51594.88380170174,51594.88380170174,23150.913151364763,23280.574879227053,6688.0,40.0,13376.0,401.28,27880.0,0,1,2024,SKU35,CUSTOMER_08,Salto,Brasil,Rodoviário
19945.92605587869,0,2.8,51594.88380170174,51594.88380170174,23150.913151364763,23280.574879227053,475.0,3.5,1662.5,49.88,166.0,0,2,2024,SKU49,CUSTOMER_08,Salto,Brasil,Rodoviário
22046.591142191144,11,32.03,51594.88380170174,51594.88380170174,23150.913151364763,23280.574879227053,7820.0,40.04,12742.56,382.28,33456.0,0,2,2024,SKU35,CUSTOMER_08,Salto,Brasil,Rodoviário
97190.01470016691,0,193.2,51594.88380170174,51594.88380170174,23150.913151364763,23280.574879227053,148787.0,241.5,520754.5,15622.64,750168.0,0,2,2024,SKU45,CUSTOMER_08,Salto,Brasil,Rodoviário
97190.01470016691,0,87.4,57019.30841682793,57019.30841682793,23150.913151364763,23280.574879227053,151708.0,109.25,720613.0,14412.26,250056.0,0,2,2024,SKU45,CUSTOMER_11,São Paulo,Brasil,Rodoviário
19717.785735011003,0,2.8,51594.88380170174,51594.88380170174,23150.913151364763,23280.574879227053,500.0,3.5,1750.0,52.5,440.0,0,2,2024,SKU46,CUSTOMER_08,Salto,Brasil,Rodoviário
19653.1383352456,0,4.8,51594.88380170174,51594.88380170174,23150.913151364763,23280.574879227053,778.0,6.0,2334.0,70.02,928.0,0,2,2024,SKU55,CUSTOMER_08,Salto,Brasil,Rodoviário
20174.18578484116,18,279.56,19674.508154760602,19674.508154760602,23150.913151364763,23280.574879227053,10000.0,349.45,324225.0,0.0,21550.0,0,2,2024,SKU38,CUSTOMER_10,Jaguariúna,Brasil,Rodoviário
19398.42511312285,19,0.48,36471.45636951254,36471.45636951254,23150.913151364763,23280.574879227053,3879.0,0.6,775.8,23.27,207.0,0,3,2024,SKU43,CUSTOMER_09,Jundiaí,Brasil,Rodoviário
22046.591142191144,25,0.1,51594.88380170174,51594.88380170174,23150.913151364763,23280.574879227053,3724.0,0.12,37.24,1.12,16728.0,0,3,2024,SKU35,CUSTOMER_08,Salto,Brasil,Rodoviário
52933.31226740358,5,0.77,51594.88380170174,51594.88380170174,23150.913151364763,23280.574879227053,76328.0,0.96,763.28,22.9,260928.0,0,3,2024,SKU36,CUSTOMER_08,Salto,Brasil,Rodoviário
52933.31226740358,16,0.51,51594.88380170174,51594.88380170174,23150.913151364763,23280.574879227053,65224.0,0.64,652.24,19.57,173952.0,0,4,2024,SKU36,CUSTOMER_08,Salto,Brasil,Rodoviário
27270.32821961858,0,46.9,49663.87481185088,49663.87481185088,23150.913151364763,23280.574879227053,33000.0,58.63,175890.0,15830.1,48895.0,0,4,2024,SKU48,CUSTOMER_12,Itajubá,Brasil,Rodoviário
27270.32821961858,0,41.8,57019.30841682793,57019.30841682793,23150.913151364763,23280.574879227053,45650.0,52.25,216837.5,4336.75,48895.0,0,4,2024,SKU48,CUSTOMER_11,São Paulo,Brasil,Rodoviário
22046.591142191144,22,0.03,51594.88380170174,51594.88380170174,23150.913151364763,23280.574879227053,1144.0,0.04,11.44,0.34,5576.0,0,4,2024,SKU35,CUSTOMER_08,Salto,Brasil,Rodoviário
97190.01470016691,0,174.8,57019.30841682793,57019.30841682793,23150.913151364763,23280.574879227053,170200.0,218.5,808450.0,16169.0,500112.0,0,4,2024,SKU45,CUSTOMER_11,São Paulo,Brasil,Rodoviário
97190.01470016691,0,89.06,49663.87481185088,49663.87481185088,23150.913151364763,23280.574879227053,103500.0,111.32,500940.0,45084.6,250056.0,0,4,2024,SKU45,CUSTOMER_12,Itajubá,Brasil,Rodoviário
19717.785735011003,0,3.8,57019.30841682793,57019.30841682793,23150.913151364763,23280.574879227053,225.0,4.75,1068.75,21.38,440.0,0,4,2024,SKU46,CUSTOMER_11,São Paulo,Brasil,Rodoviário
22046.591142191144,11,0.06,51594.88380170174,51594.88380170174,23150.913151364763,23280.574879227053,2492.0,0.08,24.92,0.75,11152.0,0,5,2024,SKU35,CUSTOMER_08,Salto,Brasil,Rodoviário
52933.31226740358,27,0.06,51594.88380170174,51594.88380170174,23150.913151364763,23280.574879227053,3312.0,0.08,33.12,0.99,21744.0,0,5,2024,SKU36,CUSTOMER_08,Salto,Brasil,Rodoviário
97190.01470016691,0,3.52,49663.87481185088,49663.87481185088,23150.913151364763,23280.574879227053,224756.0,4.4,987819.04,121501.74,250056.0,0,6,2024,SKU45,CUSTOMER_12,Itajubá,Brasil,Rodoviário
20174.18578484116,7,124.0,19674.508154760602,19674.508154760602,23150.913151364763,23280.574879227053,2500.0,155.0,77500.0,2325.0,10775.0,0,6,2024,SKU38,CUSTOMER_10,Jaguariúna,Brasil,Rodoviário
52933.31226740358,23,0.26,51594.88380170174,51594.88380170174,23150.913151364763,23280.574879227053,23616.0,0.32,236.16,7.08,86976.0,0,6,2024,SKU36,CUSTOMER_08,Salto,Brasil,Rodoviário
22046.591142191144,23,0.1,51594.88380170174,51594.88380170174,23150.913151364763,23280.574879227053,7152.0,0.12,71.52,2.15,16728.0,0,6,2024,SKU35,CUSTOMER_08,Salto,Brasil,Rodoviário
97190.01470016691,0,3.42,49663.87481185088,49663.87481185088,23150.913151364763,23280.574879227053,230000.0,4.27,983200.0,120933.6,250056.0,0,7,2024,SKU45,CUSTOMER_12,Itajubá,Brasil,Rodoviário
52933.31226740358,2,0.13,51594.88380170174,51594.88380170174,23150.913151364763,23280.574879227053,28776.0,0.16,287.76,8.63,43488.0,0,7,2024,SKU36,CUSTOMER_08,Salto,Brasil,Rodoviário
19349.785101664536,0,10.24,30273.610490739935,30273.610490739935,23150.913151364763,23280.574879227053,17433.0,12.8,111571.2,2231.42,2325.0,0,7,2024,SKU52,CUSTOMER_13,Boituva,Brasil,Rodoviário
27270.32821961858,0,46.9,49663.87481185088,49663.87481185088,23150.913151364763,23280.574879227053,11022.0,58.63,58747.26,5287.25,48895.0,0,7,2024,SKU48,CUSTOMER_12,Itajubá,Brasil,Rodoviário
19349.785101664536,0,10.24,30273.610490739935,30273.610490739935,23150.913151364763,23280.574879227053,12000.0,12.8,76800.0,1536.0,2325.0,0,8,2024,SKU52,CUSTOMER_13,Boituva,Brasil,Rodoviário
20174.18578484116,18,132.2,19674.508154760602,19674.508154760602,23150.913151364763,23280.574879227053,2240.0,165.25,74032.0,2220.96,10775.0,0,8,2024,SKU38,CUSTOMER_10,Jaguariúna,Brasil,Rodoviário
19653.1383352456,0,8.26,19301.322405775674,19301.322405775674,23150.913151364763,23280.574879227053,5552.0,10.33,28668.86,0.0,928.0,0,8,2024,SKU55,CUSTOMER_14,Guarulhos,Brasil,Rodoviário
21602.7273684171,0,19.2,30273.610490739935,30273.610490739935,23150.913151364763,23280.574879227053,24000.0,24.0,144000.0,2880.0,12900.0,0,8,2024,SKU51,CUSTOMER_13,Boituva,Brasil,Rodoviário
19662.03826650511,0,14.0,36471.45636951254,36471.45636951254,23150.913151364763,23280.574879227053,3318.0,17.5,58065.0,1741.95,47.0,0,9,2024,SKU44,CUSTOMER_09,Jundiaí,Brasil,Rodoviário
97190.01470016691,0,115.92,30273.610490739935,30273.610490739935,23150.913151364763,23280.574879227053,146855.0,144.9,925186.5,18503.73,250056.0,0,9,2024,SKU45,CUSTOMER_13,Boituva,Brasil,Rodoviário
20174.18578484116,22,132.2,19674.508154760602,19674.508154760602,23150.913151364763,23280.574879227053,2760.0,165.25,91218.0,0.0,10775.0,0,9,2024,SKU38,CUSTOMER_10,Jaguariúna,Brasil,Rodoviário
27270.32821961858,0,55.44,30273.610490739935,30273.610490739935,23150.913151364763,23280.574879227053,49643.0,69.3,312750.9,6255.02,48895.0,0,9,2024,SKU48,CUSTOMER_13,Boituva,Brasil,Rodoviário
19398.42511312285,1,0.48,36471.45636951254,36471.45636951254,23150.913151364763,23280.574879227053,6.0,0.6,1.2,0.04,207.0,0,10,2024,SKU43,CUSTOMER_09,Jundiaí,Brasil,Rodoviário
20174.18578484116,25,133.08,19674.508154760602,19674.508154760602,23150.913151364763,23280.574879227053,7015.0,166.35,233389.05,0.0,10775.0,0,10,2024,SKU38,CUSTOMER_10,Jaguariúna,Brasil,Rodoviário
19398.42511312285,8,0.48,36471.45636951254,36471.45636951254,23150.913151364763,23280.574879227053,66.0,0.6,13.2,0.4,207.0,0,11,2024,SKU43,CUSTOMER_09,Jundiaí,Brasil,Rodoviário
19349.785101664536,0,4.07,19301.322405775674,19301.322405775674,23150.913151364763,23280.574879227053,6000.0,5.09,30540.0,916.2,1162.5,0,12,2024,SKU52,CUSTOMER_14,Guarulhos,Brasil,Rodoviário
20258.44661129861,0,12.22,19301.322405775674,19301.322405775674,23150.913151364763,23280.574879227053,2280.0,15.27,11605.2,0.0,2568.0,0,1,2025,SKU54,CUSTOMER_14,Guarulhos,Brasil,Rodoviário
19349.785101664536,0,4.07,19301.322405775674,19301.322405775674,23150.913151364763,23280.574879227053,5101.0,5.09,25964.09,2336.77,1162.5,0,1,2025,SKU52,CUSTOMER_14,Guarulhos,Brasil,Rodoviário
21095.30431840141,14,4480.0,36471.45636951254,36471.45636951254,23150.913151364763,23280.574879227053,22.0,5600.0,61600.0,5544.0,9000.0,0,2,2025,SKU41,CUSTOMER_09,Jundiaí,Brasil,Rodoviário
20444.761946586423,26,2737.78,36471.45636951254,36471.45636951254,23150.913151364763,23280.574879227053,9.0,3422.22,30799.98,2772.0,4000.0,0,2,2025,SKU40,CUSTOMER_09,Jundiaí,Brasil,Rodoviário
20444.761946586423,2,8213.34,36471.45636951254,36471.45636951254,23150.913151364763,23280.574879227053,3.0,10266.67,30800.01,2772.0,4000.0,0,2,2025,SKU42,CUSTOMER_09,Jundiaí,Brasil,Rodoviário
97190.01470016691,0,2.98,57019.30841682793,57019.30841682793,23150.913151364763,23280.574879227053,253000.0,3.73,943900.0,116099.7,250056.0,0,2,2025,SKU45,CUSTOMER_11,São Paulo,Brasil,Rodoviário
19662.03826650511,0,14.0,36471.45636951254,36471.45636951254,23150.913151364763,23280.574879227053,143.0,17.5,2502.5,75.08,47.0,0,3,2025,SKU44,CUSTOMER_09,Jundiaí,Brasil,Rodoviário
20174.18578484116,1,136.8,19674.508154760602,19674.508154760602,23150.913151364763,23280.574879227053,7500.0,171.0,256500.0,7695.0,10775.0,0,3,2025,SKU38,CUSTOMER_10,Jaguariúna,Brasil,Rodoviário
